"driverRef","concat(forename, ' ', surname)","year","points","season_classification"
hamilton,Lewis Hamilton,2009,49,Worst
hamilton,Lewis Hamilton,2019,413,Best
heidfeld,Nick Heidfeld,2000,0,Worst
heidfeld,Nick Heidfeld,2007,61,Best
rosberg,Nico Rosberg,2006,4,Worst
rosberg,Nico Rosberg,2016,385,Best
alonso,Fernando Alonso,2001,0,Worst
alonso,Fernando Alonso,2012,278,Best
kovalainen,Heikki Kovalainen,2010,0,Worst
kovalainen,Heikki Kovalainen,2011,0,Worst
kovalainen,Heikki Kovalainen,2012,0,Worst
kovalainen,Heikki Kovalainen,2013,0,Worst
kovalainen,Heikki Kovalainen,2008,53,Best
nakajima,Kazuki Nakajima,2007,0,Worst
nakajima,Kazuki Nakajima,2009,0,Worst
nakajima,Kazuki Nakajima,2008,9,Best
bourdais,Sébastien Bourdais,2009,2,Worst
bourdais,Sébastien Bourdais,2008,4,Best
raikkonen,Kimi Räikkönen,2020,4,Worst
raikkonen,Kimi Räikkönen,2018,251,Best
kubica,Robert Kubica,2021,0,Worst
kubica,Robert Kubica,2010,136,Best
glock,Timo Glock,2010,0,Worst
glock,Timo Glock,2011,0,Worst
glock,Timo Glock,2012,0,Worst
glock,Timo Glock,2008,25,Best
sato,Takuma Sato,2008,0,Worst
sato,Takuma Sato,2006,0,Worst
sato,Takuma Sato,2004,34,Best
piquet_jr,Nelson Piquet Jr.,2009,0,Worst
piquet_jr,Nelson Piquet Jr.,2008,19,Best
massa,Felipe Massa,2002,4,Worst
massa,Felipe Massa,2010,144,Best
coulthard,David Coulthard,2008,8,Worst
coulthard,David Coulthard,2000,73,Best
trulli,Jarno Trulli,2010,0,Worst
trulli,Jarno Trulli,2011,0,Worst
trulli,Jarno Trulli,2004,46,Best
sutil,Adrian Sutil,2008,0,Worst
sutil,Adrian Sutil,2014,0,Worst
sutil,Adrian Sutil,2010,47,Best
webber,Mark Webber,2002,2,Worst
webber,Mark Webber,2011,258,Best
button,Jenson Button,2017,0,Worst
button,Jenson Button,2011,270,Best
davidson,Anthony Davidson,2008,0,Best
davidson,Anthony Davidson,2007,0,Best
davidson,Anthony Davidson,2005,0,Best
davidson,Anthony Davidson,2002,0,Best
vettel,Sebastian Vettel,2007,6,Worst
vettel,Sebastian Vettel,2013,397,Best
fisichella,Giancarlo Fisichella,2008,0,Worst
fisichella,Giancarlo Fisichella,1996,0,Worst
fisichella,Giancarlo Fisichella,2006,72,Best
barrichello,Rubens Barrichello,2007,0,Worst
barrichello,Rubens Barrichello,2004,114,Best
ralf_schumacher,Ralf Schumacher,2007,5,Worst
ralf_schumacher,Ralf Schumacher,2003,58,Best
liuzzi,Vitantonio Liuzzi,2009,0,Worst
liuzzi,Vitantonio Liuzzi,2011,0,Worst
liuzzi,Vitantonio Liuzzi,2010,21,Best
wurz,Alexander Wurz,2000,2,Worst
wurz,Alexander Wurz,1998,17,Best
speed,Scott Speed,2007,0,Best
speed,Scott Speed,2006,0,Best
albers,Christijan Albers,2007,0,Worst
albers,Christijan Albers,2006,0,Worst
albers,Christijan Albers,2005,4,Best
markus_winkelhock,Markus Winkelhock,2007,0,Best
yamamoto,Sakon Yamamoto,2007,0,Best
yamamoto,Sakon Yamamoto,2006,0,Best
yamamoto,Sakon Yamamoto,2010,0,Best
michael_schumacher,Michael Schumacher,1991,4,Worst
michael_schumacher,Michael Schumacher,2004,148,Best
montoya,Juan Pablo Montoya,2006,26,Worst
montoya,Juan Pablo Montoya,2003,82,Best
klien,Christian Klien,2010,0,Worst
klien,Christian Klien,2005,9,Best
monteiro,Tiago Monteiro,2006,0,Worst
monteiro,Tiago Monteiro,2005,7,Best
ide,Yuji Ide,2006,0,Best
villeneuve,Jacques Villeneuve,2004,0,Worst
villeneuve,Jacques Villeneuve,1999,0,Worst
villeneuve,Jacques Villeneuve,1997,81,Best
montagny,Franck Montagny,2006,0,Best
rosa,Pedro de la Rosa,2002,0,Worst
rosa,Pedro de la Rosa,2011,0,Worst
rosa,Pedro de la Rosa,2012,0,Worst
rosa,Pedro de la Rosa,2006,19,Best
doornbos,Robert Doornbos,2006,0,Best
doornbos,Robert Doornbos,2005,0,Best
karthikeyan,Narain Karthikeyan,2011,0,Worst
karthikeyan,Narain Karthikeyan,2012,0,Worst
karthikeyan,Narain Karthikeyan,2005,5,Best
friesacher,Patrick Friesacher,2005,3,Best
zonta,Ricardo Zonta,2005,0,Worst
zonta,Ricardo Zonta,2004,0,Worst
zonta,Ricardo Zonta,2001,0,Worst
zonta,Ricardo Zonta,1999,0,Worst
zonta,Ricardo Zonta,2000,3,Best
pizzonia,Antônio Pizzonia,2003,0,Worst
pizzonia,Antônio Pizzonia,2004,6,Best
matta,Cristiano da Matta,2004,3,Worst
matta,Cristiano da Matta,2003,10,Best
panis,Olivier Panis,1998,0,Worst
panis,Olivier Panis,1997,16,Best
panis,Olivier Panis,1995,16,Best
pantano,Giorgio Pantano,2004,0,Best
bruni,Gianmaria Bruni,2004,0,Best
baumgartner,Zsolt Baumgartner,2003,0,Worst
baumgartner,Zsolt Baumgartner,2004,1,Best
gene,Marc Gené,2004,0,Worst
gene,Marc Gené,2000,0,Worst
gene,Marc Gené,2003,4,Best
frentzen,Heinz-Harald Frentzen,2002,2,Worst
frentzen,Heinz-Harald Frentzen,1999,54,Best
verstappen,Jos Verstappen,2003,0,Worst
verstappen,Jos Verstappen,1998,0,Worst
verstappen,Jos Verstappen,1997,0,Worst
verstappen,Jos Verstappen,1995,0,Worst
verstappen,Jos Verstappen,1994,10,Best
wilson,Justin Wilson,2003,1,Best
firman,Ralph Firman,2003,1,Best
kiesa,Nicolas Kiesa,2003,0,Best
burti,Luciano Burti,2001,0,Best
burti,Luciano Burti,2000,0,Best
alesi,Jean Alesi,2000,0,Worst
alesi,Jean Alesi,1996,47,Best
irvine,Eddie Irvine,1993,1,Worst
irvine,Eddie Irvine,1999,74,Best
hakkinen,Mika Häkkinen,1991,2,Worst
hakkinen,Mika Häkkinen,1998,100,Best
marques,Tarso Marques,2001,0,Best
marques,Tarso Marques,1997,0,Best
marques,Tarso Marques,1996,0,Best
bernoldi,Enrique Bernoldi,2002,0,Best
bernoldi,Enrique Bernoldi,2001,0,Best
mazzacane,Gastón Mazzacane,2001,0,Best
mazzacane,Gastón Mazzacane,2000,0,Best
enge,Tomáš Enge,2001,0,Best
yoong,Alex Yoong,2002,0,Best
yoong,Alex Yoong,2001,0,Best
salo,Mika Salo,1994,0,Worst
salo,Mika Salo,1999,10,Best
diniz,Pedro Diniz,2000,0,Worst
diniz,Pedro Diniz,1995,0,Worst
diniz,Pedro Diniz,1999,3,Best
diniz,Pedro Diniz,1998,3,Best
herbert,Johnny Herbert,2000,0,Worst
herbert,Johnny Herbert,1994,0,Worst
herbert,Johnny Herbert,1991,0,Worst
herbert,Johnny Herbert,1990,0,Worst
herbert,Johnny Herbert,1995,45,Best
mcnish,Allan McNish,2002,0,Best
buemi,Sébastien Buemi,2009,6,Worst
buemi,Sébastien Buemi,2011,15,Best
takagi,Toranosuke Takagi,1999,0,Best
takagi,Toranosuke Takagi,1998,0,Best
badoer,Luca Badoer,1999,0,Best
badoer,Luca Badoer,1996,0,Best
badoer,Luca Badoer,1995,0,Best
badoer,Luca Badoer,1993,0,Best
badoer,Luca Badoer,2009,0,Best
zanardi,Alessandro Zanardi,1999,0,Worst
zanardi,Alessandro Zanardi,1994,0,Worst
zanardi,Alessandro Zanardi,1992,0,Worst
zanardi,Alessandro Zanardi,1991,0,Worst
zanardi,Alessandro Zanardi,1993,1,Best
damon_hill,Damon Hill,1992,0,Worst
damon_hill,Damon Hill,1996,97,Best
sarrazin,Stéphane Sarrazin,1999,0,Best
rosset,Ricardo Rosset,1998,0,Best
rosset,Ricardo Rosset,1997,0,Best
rosset,Ricardo Rosset,1996,0,Best
tuero,Esteban Tuero,1998,0,Best
nakano,Shinji Nakano,1998,0,Worst
nakano,Shinji Nakano,1997,2,Best
magnussen,Jan Magnussen,1997,0,Worst
magnussen,Jan Magnussen,1995,0,Worst
magnussen,Jan Magnussen,1998,1,Best
berger,Gerhard Berger,1984,0,Worst
berger,Gerhard Berger,1992,49,Best
larini,Nicola Larini,1992,0,Worst
larini,Nicola Larini,1991,0,Worst
larini,Nicola Larini,1990,0,Worst
larini,Nicola Larini,1989,0,Worst
larini,Nicola Larini,1988,0,Worst
larini,Nicola Larini,1987,0,Worst
larini,Nicola Larini,1994,6,Best
katayama,Ukyo Katayama,1997,0,Worst
katayama,Ukyo Katayama,1996,0,Worst
katayama,Ukyo Katayama,1995,0,Worst
katayama,Ukyo Katayama,1993,0,Worst
katayama,Ukyo Katayama,1992,0,Worst
katayama,Ukyo Katayama,1994,5,Best
sospiri,Vincenzo Sospiri,1997,0,Best
morbidelli,Gianni Morbidelli,1997,0,Worst
morbidelli,Gianni Morbidelli,1992,0,Worst
morbidelli,Gianni Morbidelli,1991,0,Worst
morbidelli,Gianni Morbidelli,1990,0,Worst
morbidelli,Gianni Morbidelli,1995,5,Best
fontana,Norberto Fontana,1997,0,Best
lamy,Pedro Lamy,1996,0,Worst
lamy,Pedro Lamy,1994,0,Worst
lamy,Pedro Lamy,1993,0,Worst
lamy,Pedro Lamy,1995,1,Best
brundle,Martin Brundle,1988,0,Worst
brundle,Martin Brundle,1985,0,Worst
brundle,Martin Brundle,1984,0,Worst
brundle,Martin Brundle,1992,38,Best
montermini,Andrea Montermini,1996,0,Best
montermini,Andrea Montermini,1995,0,Best
montermini,Andrea Montermini,1994,0,Best
lavaggi,Giovanni Lavaggi,1996,0,Best
lavaggi,Giovanni Lavaggi,1995,0,Best
blundell,Mark Blundell,1991,1,Worst
blundell,Mark Blundell,1995,13,Best
suzuki,Aguri Suzuki,1994,0,Worst
suzuki,Aguri Suzuki,1993,0,Worst
suzuki,Aguri Suzuki,1992,0,Worst
suzuki,Aguri Suzuki,1989,0,Worst
suzuki,Aguri Suzuki,1988,0,Worst
suzuki,Aguri Suzuki,1990,6,Best
inoue,Taki Inoue,1995,0,Best
inoue,Taki Inoue,1994,0,Best
moreno,Roberto Moreno,1995,0,Worst
moreno,Roberto Moreno,1992,0,Worst
moreno,Roberto Moreno,1989,0,Worst
moreno,Roberto Moreno,1982,0,Worst
moreno,Roberto Moreno,1991,8,Best
wendlinger,Karl Wendlinger,1995,0,Worst
wendlinger,Karl Wendlinger,1991,0,Worst
wendlinger,Karl Wendlinger,1993,7,Best
gachot,Bertrand Gachot,1995,0,Worst
gachot,Bertrand Gachot,1994,0,Worst
gachot,Bertrand Gachot,1990,0,Worst
gachot,Bertrand Gachot,1989,0,Worst
gachot,Bertrand Gachot,1991,4,Best
schiattarella,Domenico Schiattarella,1995,0,Best
schiattarella,Domenico Schiattarella,1994,0,Best
martini,Pierluigi Martini,1995,0,Worst
martini,Pierluigi Martini,1993,0,Worst
martini,Pierluigi Martini,1990,0,Worst
martini,Pierluigi Martini,1985,0,Worst
martini,Pierluigi Martini,1984,0,Worst
martini,Pierluigi Martini,1991,6,Best
mansell,Nigel Mansell,1995,0,Worst
mansell,Nigel Mansell,1980,0,Worst
mansell,Nigel Mansell,1992,108,Best
boullion,Jean-Christophe Boullion,1995,3,Best
papis,Massimiliano Papis,1995,0,Best
deletraz,Jean-Denis Délétraz,1995,0,Best
deletraz,Jean-Denis Délétraz,1994,0,Best
tarquini,Gabriele Tarquini,1995,0,Worst
tarquini,Gabriele Tarquini,1992,0,Worst
tarquini,Gabriele Tarquini,1991,0,Worst
tarquini,Gabriele Tarquini,1990,0,Worst
tarquini,Gabriele Tarquini,1988,0,Worst
tarquini,Gabriele Tarquini,1987,0,Worst
tarquini,Gabriele Tarquini,1989,1,Best
comas,Érik Comas,1991,0,Worst
comas,Érik Comas,1992,4,Best
brabham,David Brabham,1994,0,Best
brabham,David Brabham,1990,0,Best
senna,Ayrton Senna,1994,0,Worst
senna,Ayrton Senna,1991,96,Best
bernard,Éric Bernard,1989,0,Worst
bernard,Éric Bernard,1990,5,Best
fittipaldi,Christian Fittipaldi,1992,1,Worst
fittipaldi,Christian Fittipaldi,1994,6,Best
alboreto,Michele Alboreto,1993,0,Worst
alboreto,Michele Alboreto,1991,0,Worst
alboreto,Michele Alboreto,1990,0,Worst
alboreto,Michele Alboreto,1981,0,Worst
alboreto,Michele Alboreto,1985,53,Best
beretta,Olivier Beretta,1994,0,Best
ratzenberger,Roland Ratzenberger,1994,0,Best
belmondo,Paul Belmondo,1994,0,Best
belmondo,Paul Belmondo,1992,0,Best
lehto,Jyrki Järvilehto,1992,0,Worst
lehto,Jyrki Järvilehto,1990,0,Worst
lehto,Jyrki Järvilehto,1989,0,Worst
lehto,Jyrki Järvilehto,1993,5,Best
cesaris,Andrea de Cesaris,1993,0,Worst
cesaris,Andrea de Cesaris,1990,0,Worst
cesaris,Andrea de Cesaris,1986,0,Worst
cesaris,Andrea de Cesaris,1980,0,Worst
cesaris,Andrea de Cesaris,1983,15,Best
gounon,Jean-Marc Gounon,1994,0,Best
gounon,Jean-Marc Gounon,1993,0,Best
alliot,Philippe Alliot,1994,0,Worst
alliot,Philippe Alliot,1990,0,Worst
alliot,Philippe Alliot,1988,0,Worst
alliot,Philippe Alliot,1985,0,Worst
alliot,Philippe Alliot,1984,0,Worst
alliot,Philippe Alliot,1987,3,Best
adams,Philippe Adams,1994,0,Best
dalmas,Yannick Dalmas,1994,0,Best
dalmas,Yannick Dalmas,1990,0,Best
dalmas,Yannick Dalmas,1989,0,Best
dalmas,Yannick Dalmas,1988,0,Best
dalmas,Yannick Dalmas,1987,0,Best
noda,Hideki Noda,1994,0,Best
lagorce,Franck Lagorce,1994,0,Best
prost,Alain Prost,1980,5,Worst
prost,Alain Prost,1988,105,Best
warwick,Derek Warwick,1986,0,Worst
warwick,Derek Warwick,1982,0,Worst
warwick,Derek Warwick,1981,0,Worst
warwick,Derek Warwick,1984,23,Best
patrese,Riccardo Patrese,1985,0,Worst
patrese,Riccardo Patrese,1992,56,Best
barbazza,Fabrizio Barbazza,1991,0,Worst
barbazza,Fabrizio Barbazza,1993,2,Best
andretti,Michael Andretti,1993,7,Best
capelli,Ivan Capelli,1993,0,Worst
capelli,Ivan Capelli,1989,0,Worst
capelli,Ivan Capelli,1986,0,Worst
capelli,Ivan Capelli,1988,17,Best
boutsen,Thierry Boutsen,1993,0,Worst
boutsen,Thierry Boutsen,1991,0,Worst
boutsen,Thierry Boutsen,1986,0,Worst
boutsen,Thierry Boutsen,1983,0,Worst
boutsen,Thierry Boutsen,1989,37,Best
apicella,Marco Apicella,1993,0,Best
naspetti,Emanuele Naspetti,1993,0,Best
naspetti,Emanuele Naspetti,1992,0,Best
toshio_suzuki,Toshio Suzuki,1993,0,Best
gugelmin,Maurício Gugelmin,1992,0,Worst
gugelmin,Maurício Gugelmin,1991,0,Worst
gugelmin,Maurício Gugelmin,1988,5,Best
poele,Eric van de Poele,1992,0,Best
poele,Eric van de Poele,1991,0,Best
grouillard,Olivier Grouillard,1992,0,Worst
grouillard,Olivier Grouillard,1991,0,Worst
grouillard,Olivier Grouillard,1990,0,Worst
grouillard,Olivier Grouillard,1989,1,Best
chiesa,Andrea Chiesa,1992,0,Best
modena,Stefano Modena,1988,0,Worst
modena,Stefano Modena,1987,0,Worst
modena,Stefano Modena,1991,10,Best
amati,Giovanna Amati,1992,0,Best
caffi,Alex Caffi,1991,0,Worst
caffi,Alex Caffi,1988,0,Worst
caffi,Alex Caffi,1987,0,Worst
caffi,Alex Caffi,1986,0,Worst
caffi,Alex Caffi,1989,4,Best
bertaggia,Enrico Bertaggia,1989,0,Best
mccarthy,Perry McCarthy,1992,0,Best
lammers,Jan Lammers,1992,0,Best
lammers,Jan Lammers,1982,0,Best
lammers,Jan Lammers,1981,0,Best
lammers,Jan Lammers,1980,0,Best
lammers,Jan Lammers,1979,0,Best
piquet,Nelson Piquet,1978,0,Worst
piquet,Nelson Piquet,1987,76,Best
satoru_nakajima,Satoru Nakajima,1988,1,Worst
satoru_nakajima,Satoru Nakajima,1987,7,Best
pirro,Emanuele Pirro,1990,0,Worst
pirro,Emanuele Pirro,1989,2,Best
johansson,Stefan Johansson,1991,0,Worst
johansson,Stefan Johansson,1990,0,Worst
johansson,Stefan Johansson,1988,0,Worst
johansson,Stefan Johansson,1983,0,Worst
johansson,Stefan Johansson,1980,0,Worst
johansson,Stefan Johansson,1987,30,Best
bailey,Julian Bailey,1988,0,Worst
bailey,Julian Bailey,1991,1,Best
chaves,Pedro Chaves,1991,0,Best
bartels,Michael Bartels,1991,0,Best
hattori,Naoki Hattori,1991,0,Best
nannini,Alessandro Nannini,1987,0,Worst
nannini,Alessandro Nannini,1986,0,Worst
nannini,Alessandro Nannini,1989,32,Best
schneider,Bernd Schneider,1990,0,Best
schneider,Bernd Schneider,1989,0,Best
schneider,Bernd Schneider,1988,0,Best
barilla,Paolo Barilla,1990,0,Best
barilla,Paolo Barilla,1989,0,Best
foitek,Gregor Foitek,1990,0,Best
foitek,Gregor Foitek,1989,0,Best
langes,Claudio Langes,1990,0,Best
gary_brabham,Gary Brabham,1990,0,Best
donnelly,Martin Donnelly,1990,0,Best
donnelly,Martin Donnelly,1989,0,Best
giacomelli,Bruno Giacomelli,1990,0,Worst
giacomelli,Bruno Giacomelli,1979,0,Worst
giacomelli,Bruno Giacomelli,1978,0,Worst
giacomelli,Bruno Giacomelli,1977,0,Worst
giacomelli,Bruno Giacomelli,1981,7,Best
alguersuari,Jaime Alguersuari,2009,0,Worst
alguersuari,Jaime Alguersuari,2011,26,Best
grosjean,Romain Grosjean,2009,0,Worst
grosjean,Romain Grosjean,2013,132,Best
kobayashi,Kamui Kobayashi,2014,0,Worst
kobayashi,Kamui Kobayashi,2012,60,Best
palmer,Jonathan Palmer,1986,0,Worst
palmer,Jonathan Palmer,1985,0,Worst
palmer,Jonathan Palmer,1984,0,Worst
palmer,Jonathan Palmer,1983,0,Worst
palmer,Jonathan Palmer,1987,7,Best
danner,Christian Danner,1987,0,Worst
danner,Christian Danner,1985,0,Worst
danner,Christian Danner,1989,3,Best
cheever,Eddie Cheever,1986,0,Worst
cheever,Eddie Cheever,1985,0,Worst
cheever,Eddie Cheever,1980,0,Worst
cheever,Eddie Cheever,1978,0,Worst
cheever,Eddie Cheever,1983,22,Best
sala,Luis Pérez-Sala,1988,0,Worst
sala,Luis Pérez-Sala,1989,1,Best
ghinzani,Piercarlo Ghinzani,1989,0,Worst
ghinzani,Piercarlo Ghinzani,1988,0,Worst
ghinzani,Piercarlo Ghinzani,1987,0,Worst
ghinzani,Piercarlo Ghinzani,1986,0,Worst
ghinzani,Piercarlo Ghinzani,1985,0,Worst
ghinzani,Piercarlo Ghinzani,1983,0,Worst
ghinzani,Piercarlo Ghinzani,1981,0,Worst
ghinzani,Piercarlo Ghinzani,1984,2,Best
weidler,Volker Weidler,1989,0,Best
raphanel,Pierre-Henri Raphanel,1989,0,Best
raphanel,Pierre-Henri Raphanel,1988,0,Best
arnoux,René Arnoux,1988,0,Worst
arnoux,René Arnoux,1978,0,Worst
arnoux,René Arnoux,1983,49,Best
joachim_winkelhock,Joachim Winkelhock,1989,0,Best
larrauri,Oscar Larrauri,1989,0,Best
larrauri,Oscar Larrauri,1988,0,Best
streiff,Philippe Streiff,1988,0,Worst
streiff,Philippe Streiff,1984,0,Worst
streiff,Philippe Streiff,1987,4,Best
streiff,Philippe Streiff,1985,4,Best
campos,Adrián Campos,1988,0,Best
campos,Adrián Campos,1987,0,Best
schlesser,Jean-Louis Schlesser,1988,0,Best
schlesser,Jean-Louis Schlesser,1983,0,Best
fabre,Pascal Fabre,1987,0,Best
fabi,Teo Fabi,1985,0,Worst
fabi,Teo Fabi,1982,0,Worst
fabi,Teo Fabi,1987,12,Best
forini,Franco Forini,1987,0,Best
laffite,Jacques Laffite,1974,0,Worst
laffite,Jacques Laffite,1981,44,Best
angelis,Elio de Angelis,1986,0,Worst
angelis,Elio de Angelis,1984,34,Best
dumfries,Johnny Dumfries,1986,3,Best
tambay,Patrick Tambay,1979,0,Worst
tambay,Patrick Tambay,1983,40,Best
surer,Marc Surer,1986,0,Worst
surer,Marc Surer,1980,0,Worst
surer,Marc Surer,1979,0,Worst
surer,Marc Surer,1985,5,Best
keke_rosberg,Keke Rosberg,1981,0,Worst
keke_rosberg,Keke Rosberg,1979,0,Worst
keke_rosberg,Keke Rosberg,1978,0,Worst
keke_rosberg,Keke Rosberg,1982,44,Best
jones,Alan Jones,1985,0,Worst
jones,Alan Jones,1983,0,Worst
jones,Alan Jones,1980,71,Best
rothengatter,Huub Rothengatter,1986,0,Best
rothengatter,Huub Rothengatter,1985,0,Best
rothengatter,Huub Rothengatter,1984,0,Best
berg,Allen Berg,1986,0,Best
manfred_winkelhock,Manfred Winkelhock,1985,0,Worst
manfred_winkelhock,Manfred Winkelhock,1984,0,Worst
manfred_winkelhock,Manfred Winkelhock,1983,0,Worst
manfred_winkelhock,Manfred Winkelhock,1980,0,Worst
manfred_winkelhock,Manfred Winkelhock,1982,2,Best
lauda,Niki Lauda,1972,0,Worst
lauda,Niki Lauda,1971,0,Worst
lauda,Niki Lauda,1984,72,Best
lauda,Niki Lauda,1977,72,Best
hesnault,François Hesnault,1985,0,Best
hesnault,François Hesnault,1984,0,Best
baldi,Mauro Baldi,1985,0,Worst
baldi,Mauro Baldi,1984,0,Worst
baldi,Mauro Baldi,1983,3,Best
bellof,Stefan Bellof,1984,0,Worst
bellof,Stefan Bellof,1985,4,Best
acheson,Kenny Acheson,1985,0,Best
acheson,Kenny Acheson,1983,0,Best
watson,John Watson,1985,0,Worst
watson,John Watson,1975,0,Worst
watson,John Watson,1973,0,Worst
watson,John Watson,1982,39,Best
cecotto,Johnny Cecotto,1984,0,Worst
cecotto,Johnny Cecotto,1983,1,Best
gartner,Jo Gartner,1984,0,Best
corrado_fabi,Corrado Fabi,1984,0,Best
corrado_fabi,Corrado Fabi,1983,0,Best
thackwell,Mike Thackwell,1984,0,Best
thackwell,Mike Thackwell,1980,0,Best
serra,Chico Serra,1983,0,Worst
serra,Chico Serra,1981,0,Worst
serra,Chico Serra,1982,1,Best
sullivan,Danny Sullivan,1983,2,Best
salazar,Eliseo Salazar,1983,0,Worst
salazar,Eliseo Salazar,1982,2,Best
guerrero,Roberto Guerrero,1983,0,Best
guerrero,Roberto Guerrero,1982,0,Best
boesel,Raul Boesel,1983,0,Best
boesel,Raul Boesel,1982,0,Best
jarier,Jean-Pierre Jarier,1983,0,Worst
jarier,Jean-Pierre Jarier,1981,0,Worst
jarier,Jean-Pierre Jarier,1978,0,Worst
jarier,Jean-Pierre Jarier,1976,0,Worst
jarier,Jean-Pierre Jarier,1973,0,Worst
jarier,Jean-Pierre Jarier,1971,0,Worst
jarier,Jean-Pierre Jarier,1979,14,Best
villeneuve_sr,Jacques Villeneuve Sr.,1983,0,Best
villeneuve_sr,Jacques Villeneuve Sr.,1981,0,Best
reutemann,Carlos Reutemann,1976,3,Worst
reutemann,Carlos Reutemann,1972,3,Worst
reutemann,Carlos Reutemann,1981,49,Best
reutemann,Carlos Reutemann,1980,49,Best
mass,Jochen Mass,1982,0,Worst
mass,Jochen Mass,1978,0,Worst
mass,Jochen Mass,1974,0,Worst
mass,Jochen Mass,1973,0,Worst
mass,Jochen Mass,1977,25,Best
borgudd,Slim Borgudd,1982,0,Worst
borgudd,Slim Borgudd,1981,1,Best
pironi,Didier Pironi,1978,7,Worst
pironi,Didier Pironi,1982,39,Best
gilles_villeneuve,Gilles Villeneuve,1977,0,Worst
gilles_villeneuve,Gilles Villeneuve,1979,53,Best
paletti,Riccardo Paletti,1982,0,Best
henton,Brian Henton,1982,0,Best
henton,Brian Henton,1981,0,Best
henton,Brian Henton,1977,0,Best
henton,Brian Henton,1975,0,Best
daly,Derek Daly,1981,0,Worst
daly,Derek Daly,1979,0,Worst
daly,Derek Daly,1982,8,Best
mario_andretti,Mario Andretti,1974,0,Worst
mario_andretti,Mario Andretti,1969,0,Worst
mario_andretti,Mario Andretti,1968,0,Worst
mario_andretti,Mario Andretti,1978,64,Best
villota,Emilio de Villota,1982,0,Best
villota,Emilio de Villota,1978,0,Best
villota,Emilio de Villota,1977,0,Best
villota,Emilio de Villota,1976,0,Best
lees,Geoff Lees,1982,0,Best
lees,Geoff Lees,1980,0,Best
lees,Geoff Lees,1979,0,Best
lees,Geoff Lees,1978,0,Best
byrne,Tommy Byrne,1982,0,Best
keegan,Rupert Keegan,1982,0,Best
keegan,Rupert Keegan,1980,0,Best
keegan,Rupert Keegan,1978,0,Best
keegan,Rupert Keegan,1977,0,Best
rebaque,Hector Rebaque,1979,0,Worst
rebaque,Hector Rebaque,1977,0,Worst
rebaque,Hector Rebaque,1981,11,Best
gabbiani,Beppe Gabbiani,1981,0,Best
gabbiani,Beppe Gabbiani,1978,0,Best
cogan,Kevin Cogan,1981,0,Best
cogan,Kevin Cogan,1980,0,Best
guerra,Miguel Ángel Guerra,1981,0,Best
stohr,Siegfried Stohr,1981,0,Best
zunino,Ricardo Zunino,1981,0,Best
zunino,Ricardo Zunino,1980,0,Best
zunino,Ricardo Zunino,1979,0,Best
londono,Ricardo Londoño,1981,0,Best
jabouille,Jean-Pierre Jabouille,1981,0,Worst
jabouille,Jean-Pierre Jabouille,1977,0,Worst
jabouille,Jean-Pierre Jabouille,1975,0,Worst
jabouille,Jean-Pierre Jabouille,1974,0,Worst
jabouille,Jean-Pierre Jabouille,1980,9,Best
jabouille,Jean-Pierre Jabouille,1979,9,Best
francia,Giorgio Francia,1981,0,Best
francia,Giorgio Francia,1977,0,Best
depailler,Patrick Depailler,1980,0,Worst
depailler,Patrick Depailler,1972,0,Worst
depailler,Patrick Depailler,1976,39,Best
scheckter,Jody Scheckter,1973,0,Worst
scheckter,Jody Scheckter,1972,0,Worst
scheckter,Jody Scheckter,1979,60,Best
regazzoni,Clay Regazzoni,1980,0,Worst
regazzoni,Clay Regazzoni,1974,52,Best
emerson_fittipaldi,Emerson Fittipaldi,1979,1,Worst
emerson_fittipaldi,Emerson Fittipaldi,1972,61,Best
kennedy,Dave Kennedy,1980,0,Best
south,Stephen South,1980,0,Best
needell,Tiff Needell,1980,0,Best
desire_wilson,Desiré Wilson,1980,0,Best
ertl,Harald Ertl,1980,0,Best
ertl,Harald Ertl,1978,0,Best
ertl,Harald Ertl,1977,0,Best
ertl,Harald Ertl,1976,0,Best
ertl,Harald Ertl,1975,0,Best
brambilla,Vittorio Brambilla,1980,0,Worst
brambilla,Vittorio Brambilla,1979,0,Worst
brambilla,Vittorio Brambilla,1977,6,Best
brambilla,Vittorio Brambilla,1975,6,Best
hunt,James Hunt,1979,0,Worst
hunt,James Hunt,1976,69,Best
merzario,Arturo Merzario,1979,0,Worst
merzario,Arturo Merzario,1978,0,Worst
merzario,Arturo Merzario,1977,0,Worst
merzario,Arturo Merzario,1976,0,Worst
merzario,Arturo Merzario,1975,0,Worst
merzario,Arturo Merzario,1973,6,Best
stuck,Hans-Joachim Stuck,1975,0,Worst
stuck,Hans-Joachim Stuck,1977,12,Best
brancatelli,Gianfranco Brancatelli,1979,0,Best
ickx,Jacky Ickx,1978,0,Worst
ickx,Jacky Ickx,1977,0,Worst
ickx,Jacky Ickx,1976,0,Worst
ickx,Jacky Ickx,1970,40,Best
gaillard,Patrick Gaillard,1979,0,Best
ribeiro,Alex Ribeiro,1979,0,Best
ribeiro,Alex Ribeiro,1977,0,Best
ribeiro,Alex Ribeiro,1976,0,Best
peterson,Ronnie Peterson,1970,0,Worst
peterson,Ronnie Peterson,1973,52,Best
lunger,Brett Lunger,1978,0,Best
lunger,Brett Lunger,1977,0,Best
lunger,Brett Lunger,1976,0,Best
lunger,Brett Lunger,1975,0,Best
ongais,Danny Ongais,1978,0,Best
ongais,Danny Ongais,1977,0,Best
leoni,Lamberto Leoni,1978,0,Best
leoni,Lamberto Leoni,1977,0,Best
galica,Divina Galica,1978,0,Best
galica,Divina Galica,1976,0,Best
stommelen,Rolf Stommelen,1978,0,Worst
stommelen,Rolf Stommelen,1975,0,Worst
stommelen,Rolf Stommelen,1974,0,Worst
stommelen,Rolf Stommelen,1973,0,Worst
stommelen,Rolf Stommelen,1972,0,Worst
stommelen,Rolf Stommelen,1970,10,Best
colombo,Alberto Colombo,1978,0,Best
trimmer,Tony Trimmer,1978,0,Best
trimmer,Tony Trimmer,1977,0,Best
trimmer,Tony Trimmer,1976,0,Best
trimmer,Tony Trimmer,1975,0,Best
binder,Hans Binder,1978,0,Best
binder,Hans Binder,1977,0,Best
binder,Hans Binder,1976,0,Best
bleekemolen,Michael Bleekemolen,1978,0,Best
bleekemolen,Michael Bleekemolen,1977,0,Best
gimax,Carlo Franchi,1978,0,Best
rahal,Bobby Rahal,1978,0,Best
pace,Carlos Pace,1972,3,Worst
pace,Carlos Pace,1975,24,Best
ian_scheckter,Ian Scheckter,1977,0,Best
ian_scheckter,Ian Scheckter,1976,0,Best
ian_scheckter,Ian Scheckter,1975,0,Best
ian_scheckter,Ian Scheckter,1974,0,Best
pryce,Tom Pryce,1977,0,Worst
pryce,Tom Pryce,1976,10,Best
hoffmann,Ingo Hoffmann,1977,0,Best
hoffmann,Ingo Hoffmann,1976,0,Best
zorzi,Renzo Zorzi,1976,0,Worst
zorzi,Renzo Zorzi,1975,0,Worst
zorzi,Renzo Zorzi,1977,1,Best
nilsson,Gunnar Nilsson,1976,11,Worst
nilsson,Gunnar Nilsson,1977,20,Best
perkins,Larry Perkins,1977,0,Best
perkins,Larry Perkins,1976,0,Best
perkins,Larry Perkins,1974,0,Best
hayje,Boy Lunger,1977,0,Best
hayje,Boy Lunger,1976,0,Best
neve,Patrick Nève,1977,0,Best
neve,Patrick Nève,1976,0,Best
purley,David Purley,1977,0,Best
purley,David Purley,1974,0,Best
purley,David Purley,1973,0,Best
andersson,Conny Andersson,1977,0,Best
andersson,Conny Andersson,1976,0,Best
dryver,Bernard de Dryver,1977,0,Best
oliver,Jackie Oliver,1977,0,Worst
oliver,Jackie Oliver,1972,0,Worst
oliver,Jackie Oliver,1971,0,Worst
oliver,Jackie Oliver,1967,0,Worst
oliver,Jackie Oliver,1968,6,Best
kozarowitzky,Mikko Kozarowitzky,1977,0,Best
sutcliffe,Andy Sutcliffe,1977,0,Best
edwards,Guy Edwards,1977,0,Best
edwards,Guy Edwards,1976,0,Best
edwards,Guy Edwards,1974,0,Best
mcguire,Brian McGuire,1977,0,Best
schuppan,Vern Schuppan,1977,0,Best
schuppan,Vern Schuppan,1975,0,Best
schuppan,Vern Schuppan,1974,0,Best
heyer,Hans Heyer,1977,0,Best
pilette,Teddy Pilette,1977,0,Best
pilette,Teddy Pilette,1974,0,Best
ashley,Ian Ashley,1977,0,Best
ashley,Ian Ashley,1976,0,Best
ashley,Ian Ashley,1975,0,Best
ashley,Ian Ashley,1974,0,Best
kessel,Loris Kessel,1977,0,Best
kessel,Loris Kessel,1976,0,Best
takahashi,Kunimitsu Takahashi,1977,0,Best
hoshino,Kazuyoshi Hoshino,1977,0,Best
hoshino,Kazuyoshi Hoshino,1976,0,Best
takahara,Noritake Takahara,1977,0,Best
takahara,Noritake Takahara,1976,0,Best
lombardi,Lella Lombardi,1976,0,Best
lombardi,Lella Lombardi,1975,0,Best
lombardi,Lella Lombardi,1974,0,Best
evans,Bob Evans,1976,0,Best
evans,Bob Evans,1975,0,Best
leclere,Michel Leclère,1976,0,Best
leclere,Michel Leclère,1975,0,Best
amon,Chris Amon,1975,0,Worst
amon,Chris Amon,1974,0,Worst
amon,Chris Amon,1966,0,Worst
amon,Chris Amon,1965,0,Worst
amon,Chris Amon,1963,0,Worst
amon,Chris Amon,1970,23,Best
zapico,Emilio Zapico,1976,0,Best
pescarolo,Henri Pescarolo,1976,0,Worst
pescarolo,Henri Pescarolo,1974,0,Worst
pescarolo,Henri Pescarolo,1973,0,Worst
pescarolo,Henri Pescarolo,1972,0,Worst
pescarolo,Henri Pescarolo,1968,0,Worst
pescarolo,Henri Pescarolo,1970,8,Best
nelleman,Jac Nelleman,1976,0,Best
magee,Damien Magee,1976,0,Best
magee,Damien Magee,1975,0,Best
wilds,Mike Wilds,1976,0,Best
wilds,Mike Wilds,1975,0,Best
wilds,Mike Wilds,1974,0,Best
pesenti_rossi,Alessandro Pesenti-Rossi,1976,0,Best
stuppacher,Otto Stuppacher,1976,0,Best
brown,Warwick Brown,1976,0,Best
hasemi,Masahiro Hasemi,1976,0,Best
donohue,Mark Donohue,1974,0,Worst
donohue,Mark Donohue,1975,4,Best
donohue,Mark Donohue,1971,4,Best
hill,Graham Hill,1975,0,Worst
hill,Graham Hill,1973,0,Worst
hill,Graham Hill,1959,0,Worst
hill,Graham Hill,1958,0,Worst
hill,Graham Hill,1962,52,Best
wilson_fittipaldi,Wilson Fittipaldi,1975,0,Worst
wilson_fittipaldi,Wilson Fittipaldi,1972,0,Worst
wilson_fittipaldi,Wilson Fittipaldi,1973,3,Best
tunmer,Guy Tunmer,1975,0,Best
keizan,Eddie Keizan,1975,0,Best
keizan,Eddie Keizan,1974,0,Best
keizan,Eddie Keizan,1973,0,Best
charlton,Dave Charlton,1975,0,Best
charlton,Dave Charlton,1974,0,Best
charlton,Dave Charlton,1973,0,Best
charlton,Dave Charlton,1972,0,Best
charlton,Dave Charlton,1971,0,Best
charlton,Dave Charlton,1970,0,Best
charlton,Dave Charlton,1968,0,Best
charlton,Dave Charlton,1967,0,Best
charlton,Dave Charlton,1965,0,Best
brise,Tony Brise,1975,1,Best
wunderink,Roelof Wunderink,1975,0,Best
migault,François Migault,1975,0,Best
migault,François Migault,1974,0,Best
migault,François Migault,1972,0,Best
palm,Torsten Palm,1975,0,Best
lennep,Gijs van Lennep,1974,0,Worst
lennep,Gijs van Lennep,1971,0,Worst
lennep,Gijs van Lennep,1975,1,Best
lennep,Gijs van Lennep,1973,1,Best
fushida,Hiroshi Fushida,1975,0,Best
nicholson,John Nicholson,1975,0,Best
nicholson,John Nicholson,1974,0,Best
morgan,Dave Morgan,1975,0,Best
crawford,Jim Crawford,1975,0,Best
vonlanthen,Jo Vonlanthen,1975,0,Best
hulme,Denny Hulme,1965,5,Worst
hulme,Denny Hulme,1967,51,Best
hailwood,Mike Hailwood,1973,0,Worst
hailwood,Mike Hailwood,1965,0,Worst
hailwood,Mike Hailwood,1963,0,Worst
hailwood,Mike Hailwood,1972,13,Best
beltoise,Jean-Pierre Beltoise,1967,0,Worst
beltoise,Jean-Pierre Beltoise,1969,21,Best
ganley,Howden Ganley,1974,0,Worst
ganley,Howden Ganley,1971,5,Best
robarts,Richard Robarts,1974,0,Best
revson,Peter Revson,1974,0,Worst
revson,Peter Revson,1971,0,Worst
revson,Peter Revson,1964,0,Worst
revson,Peter Revson,1973,38,Best
driver,Paddy Driver,1974,0,Best
driver,Paddy Driver,1963,0,Best
belso,Tom Belsø,1974,0,Best
redman,Brian Redman,1974,0,Worst
redman,Brian Redman,1973,0,Worst
redman,Brian Redman,1971,0,Worst
redman,Brian Redman,1970,0,Worst
redman,Brian Redman,1972,4,Best
redman,Brian Redman,1968,4,Best
opel,Rikky von Opel,1974,0,Best
opel,Rikky von Opel,1973,0,Best
schenken,Tim Schenken,1974,0,Worst
schenken,Tim Schenken,1973,0,Worst
schenken,Tim Schenken,1970,0,Worst
schenken,Tim Schenken,1971,5,Best
larrousse,Gérard Larrousse,1974,0,Best
kinnunen,Leo Kinnunen,1974,0,Best
wisell,Reine Wisell,1974,0,Worst
wisell,Reine Wisell,1973,0,Worst
wisell,Reine Wisell,1972,0,Worst
wisell,Reine Wisell,1971,9,Best
roos,Bertil Roos,1974,0,Best
dolhem,José Dolhem,1974,0,Best
gethin,Peter Gethin,1974,0,Worst
gethin,Peter Gethin,1973,0,Worst
gethin,Peter Gethin,1971,9,Best
bell,Derek Bell,1974,0,Worst
bell,Derek Bell,1972,0,Worst
bell,Derek Bell,1971,0,Worst
bell,Derek Bell,1969,0,Worst
bell,Derek Bell,1968,0,Worst
bell,Derek Bell,1970,1,Best
hobbs,David Hobbs,1974,0,Best
hobbs,David Hobbs,1971,0,Best
hobbs,David Hobbs,1968,0,Best
hobbs,David Hobbs,1967,0,Best
quester,Dieter Quester,1974,0,Best
koinigg,Helmuth Koinigg,1974,0,Best
facetti,Carlo Facetti,1974,0,Best
wietzes,Eppie Wietzes,1974,0,Best
wietzes,Eppie Wietzes,1967,0,Best
cevert,François Cevert,1970,1,Worst
cevert,François Cevert,1973,47,Best
stewart,Jackie Stewart,1967,10,Worst
stewart,Jackie Stewart,1973,71,Best
beuttler,Mike Beuttler,1973,0,Best
beuttler,Mike Beuttler,1972,0,Best
beuttler,Mike Beuttler,1971,0,Best
galli,Nanni Galli,1973,0,Best
galli,Nanni Galli,1972,0,Best
galli,Nanni Galli,1971,0,Best
galli,Nanni Galli,1970,0,Best
bueno,Luiz Bueno,1973,0,Best
follmer,George Follmer,1973,5,Best
adamich,Andrea de Adamich,1971,0,Worst
adamich,Andrea de Adamich,1970,0,Worst
adamich,Andrea de Adamich,1968,0,Worst
adamich,Andrea de Adamich,1973,3,Best
adamich,Andrea de Adamich,1972,3,Best
pretorius,Jackie Pretorius,1973,0,Best
pretorius,Jackie Pretorius,1971,0,Best
pretorius,Jackie Pretorius,1968,0,Best
pretorius,Jackie Pretorius,1965,0,Best
williamson,Roger Williamson,1973,0,Best
mcrae,Graham McRae,1973,0,Best
marko,Helmut Marko,1972,0,Best
marko,Helmut Marko,1971,0,Best
walker,David Walker,1972,0,Best
walker,David Walker,1971,0,Best
roig,Alex Soler-Roig,1972,0,Best
roig,Alex Soler-Roig,1971,0,Best
roig,Alex Soler-Roig,1970,0,Best
love,John Love,1972,0,Worst
love,John Love,1971,0,Worst
love,John Love,1970,0,Worst
love,John Love,1969,0,Worst
love,John Love,1968,0,Worst
love,John Love,1965,0,Worst
love,John Love,1964,0,Worst
love,John Love,1962,0,Worst
love,John Love,1963,0,Worst
love,John Love,1967,6,Best
surtees,John Surtees,1972,0,Worst
surtees,John Surtees,1964,40,Best
barber,Skip Barber,1972,0,Best
barber,Skip Barber,1971,0,Best
brack,Bill Brack,1972,0,Best
brack,Bill Brack,1969,0,Best
brack,Bill Brack,1968,0,Best
posey,Sam Posey,1972,0,Best
posey,Sam Posey,1971,0,Best
rodriguez,Pedro Rodríguez,1966,0,Worst
rodriguez,Pedro Rodríguez,1963,0,Worst
rodriguez,Pedro Rodríguez,1970,23,Best
siffert,Jo Siffert,1970,0,Worst
siffert,Jo Siffert,1962,0,Worst
siffert,Jo Siffert,1971,19,Best
bonnier,Jo Bonnier,1971,0,Worst
bonnier,Jo Bonnier,1970,0,Worst
bonnier,Jo Bonnier,1969,0,Worst
bonnier,Jo Bonnier,1965,0,Worst
bonnier,Jo Bonnier,1957,0,Worst
bonnier,Jo Bonnier,1956,0,Worst
bonnier,Jo Bonnier,1959,10,Best
mazet,François Mazet,1971,0,Best
jean,Max Jean,1971,0,Best
elford,Vic Elford,1971,0,Worst
elford,Vic Elford,1968,5,Best
moser,Silvio Moser,1971,0,Worst
moser,Silvio Moser,1970,0,Worst
moser,Silvio Moser,1967,0,Worst
moser,Silvio Moser,1968,2,Best
eaton,George Eaton,1971,0,Best
eaton,George Eaton,1970,0,Best
eaton,George Eaton,1969,0,Best
lovely,Pete Lovely,1971,0,Best
lovely,Pete Lovely,1970,0,Best
lovely,Pete Lovely,1969,0,Best
lovely,Pete Lovely,1960,0,Best
lovely,Pete Lovely,1959,0,Best
craft,Chris Craft,1971,0,Best
Cannoc,John Cannon,1971,0,Best
jack_brabham,Jack Brabham,1957,0,Worst
jack_brabham,Jack Brabham,1956,0,Worst
jack_brabham,Jack Brabham,1955,0,Worst
jack_brabham,Jack Brabham,1967,48,Best
miles,John Miles,1969,0,Worst
miles,John Miles,1970,2,Best
rindt,Jochen Rindt,1964,0,Worst
rindt,Jochen Rindt,1970,45,Best
gavin,Johnny Servoz-Gavin,1967,0,Worst
gavin,Johnny Servoz-Gavin,1968,6,Best
mclaren,Bruce McLaren,1958,0,Worst
mclaren,Bruce McLaren,1960,37,Best
courage,Piers Courage,1970,0,Worst
courage,Piers Courage,1967,0,Worst
courage,Piers Courage,1969,16,Best
klerk,Peter de Klerk,1970,0,Best
klerk,Peter de Klerk,1969,0,Best
klerk,Peter de Klerk,1965,0,Best
klerk,Peter de Klerk,1963,0,Best
giunti,Ignazio Giunti,1970,3,Best
gurney,Dan Gurney,1960,0,Worst
gurney,Dan Gurney,1965,25,Best
hahne,Hubert Hahne,1970,0,Best
hahne,Hubert Hahne,1968,0,Best
hahne,Hubert Hahne,1967,0,Best
hutchison,Gus Hutchison,1970,0,Best
westbury,Peter Westbury,1970,0,Best
tingle,Sam Tingle,1969,0,Best
tingle,Sam Tingle,1968,0,Best
tingle,Sam Tingle,1967,0,Best
tingle,Sam Tingle,1965,0,Best
tingle,Sam Tingle,1962,0,Best
tingle,Sam Tingle,1963,0,Best
rooyen,Basil van Rooyen,1969,0,Best
rooyen,Basil van Rooyen,1968,0,Best
attwood,Richard Attwood,1967,0,Worst
attwood,Richard Attwood,1964,0,Worst
attwood,Richard Attwood,1968,6,Best
pease,Al Pease,1969,0,Best
pease,Al Pease,1967,0,Best
cordts,John Cordts,1969,0,Best
clark,Jim Clark,1960,8,Worst
clark,Jim Clark,1963,73,Best
spence,Mike Spence,1968,0,Worst
spence,Mike Spence,1963,0,Worst
spence,Mike Spence,1965,10,Best
scarfiotti,Ludovico Scarfiotti,1965,0,Worst
scarfiotti,Ludovico Scarfiotti,1964,0,Worst
scarfiotti,Ludovico Scarfiotti,1966,9,Best
bianchi,Lucien Bianchi,1965,0,Worst
bianchi,Lucien Bianchi,1963,0,Worst
bianchi,Lucien Bianchi,1962,0,Worst
bianchi,Lucien Bianchi,1961,0,Worst
bianchi,Lucien Bianchi,1959,0,Worst
bianchi,Lucien Bianchi,1968,5,Best
jo_schlesser,Jo Schlesser,1968,0,Best
jo_schlesser,Jo Schlesser,1967,0,Best
widdows,Robin Widdows,1968,0,Best
ahrens,Kurt Ahrens,1968,0,Best
ahrens,Kurt Ahrens,1967,0,Best
gardner,Frank Gardner,1968,0,Best
gardner,Frank Gardner,1965,0,Best
gardner,Frank Gardner,1964,0,Best
unser,Bobby Unser,1968,0,Best
solana,Moisés Solana,1968,0,Best
solana,Moisés Solana,1967,0,Best
solana,Moisés Solana,1966,0,Best
solana,Moisés Solana,1965,0,Best
solana,Moisés Solana,1964,0,Best
solana,Moisés Solana,1963,0,Best
anderson,Bob Anderson,1965,0,Worst
anderson,Bob Anderson,1963,0,Worst
anderson,Bob Anderson,1964,5,Best
botha,Luki Botha,1967,0,Best
bandini,Lorenzo Bandini,1967,0,Worst
bandini,Lorenzo Bandini,1961,0,Worst
bandini,Lorenzo Bandini,1964,23,Best
ginther,Richie Ginther,1967,0,Worst
ginther,Richie Ginther,1963,34,Best
parkes,Mike Parkes,1959,0,Worst
parkes,Mike Parkes,1966,12,Best
irwin,Chris Irwin,1966,0,Worst
irwin,Chris Irwin,1967,2,Best
ligier,Guy Ligier,1966,0,Worst
ligier,Guy Ligier,1967,1,Best
rees,Alan Rees,1967,0,Best
hart,Brian Hart,1967,0,Best
fisher,Mike Fisher,1967,0,Best
tom_jones,Tom Jones,1967,0,Best
baghetti,Giancarlo Baghetti,1967,0,Worst
baghetti,Giancarlo Baghetti,1966,0,Worst
baghetti,Giancarlo Baghetti,1965,0,Worst
baghetti,Giancarlo Baghetti,1964,0,Worst
baghetti,Giancarlo Baghetti,1963,0,Worst
baghetti,Giancarlo Baghetti,1961,9,Best
williams,Jonathan Williams,1967,0,Best
bondurant,Bob Bondurant,1965,0,Worst
bondurant,Bob Bondurant,1966,3,Best
arundell,Peter Arundell,1963,0,Worst
arundell,Peter Arundell,1962,0,Worst
arundell,Peter Arundell,1964,11,Best
vic_wilson,Vic Wilson,1966,0,Best
vic_wilson,Vic Wilson,1960,0,Best
taylor,John Taylor,1964,0,Worst
taylor,John Taylor,1966,1,Best
lawrence,Chris Lawrence,1966,0,Best
trevor_taylor,Trevor Taylor,1966,0,Worst
trevor_taylor,Trevor Taylor,1961,0,Worst
trevor_taylor,Trevor Taylor,1959,0,Worst
trevor_taylor,Trevor Taylor,1962,6,Best
geki,Giacomo Russo,1966,0,Best
geki,Giacomo Russo,1965,0,Best
geki,Giacomo Russo,1964,0,Best
phil_hill,Phil Hill,1966,0,Worst
phil_hill,Phil Hill,1963,0,Worst
phil_hill,Phil Hill,1961,38,Best
ireland,Innes Ireland,1966,0,Worst
ireland,Innes Ireland,1965,0,Worst
ireland,Innes Ireland,1960,18,Best
bucknum,Ronnie Bucknum,1966,0,Worst
bucknum,Ronnie Bucknum,1964,0,Worst
bucknum,Ronnie Bucknum,1965,2,Best
hawkins,Paul Hawkins,1965,0,Best
prophet,David Prophet,1965,0,Best
prophet,David Prophet,1963,0,Best
maggs,Tony Maggs,1965,0,Worst
maggs,Tony Maggs,1961,0,Worst
maggs,Tony Maggs,1962,13,Best
blokdyk,Trevor Blokdyk,1965,0,Best
blokdyk,Trevor Blokdyk,1963,0,Best
lederle,Neville Lederle,1965,0,Worst
lederle,Neville Lederle,1963,0,Worst
lederle,Neville Lederle,1962,1,Best
serrurier,Doug Serrurier,1965,0,Best
serrurier,Doug Serrurier,1962,0,Best
serrurier,Doug Serrurier,1963,0,Best
niemann,Brausch Niemann,1965,0,Best
niemann,Brausch Niemann,1963,0,Best
pieterse,Ernie Pieterse,1965,0,Best
pieterse,Ernie Pieterse,1962,0,Best
pieterse,Ernie Pieterse,1963,0,Best
puzey,Clive Puzey,1965,0,Best
reed,Ray Reed,1965,0,Best
clapham,David Clapham,1965,0,Best
blignaut,Alex Blignaut,1965,0,Best
gregory,Masten Gregory,1965,0,Worst
gregory,Masten Gregory,1963,0,Worst
gregory,Masten Gregory,1961,0,Worst
gregory,Masten Gregory,1960,0,Worst
gregory,Masten Gregory,1958,0,Worst
gregory,Masten Gregory,1959,10,Best
gregory,Masten Gregory,1957,10,Best
rhodes,John Rhodes,1965,0,Best
raby,Ian Raby,1965,0,Best
raby,Ian Raby,1964,0,Best
raby,Ian Raby,1963,0,Best
rollinson,Alan Rollinson,1965,0,Best
gubby,Brian Gubby,1965,0,Best
mitter,Gerhard Mitter,1965,0,Worst
mitter,Gerhard Mitter,1964,0,Worst
mitter,Gerhard Mitter,1963,3,Best
bussinello,Roberto Bussinello,1965,0,Best
bussinello,Roberto Bussinello,1962,0,Best
bussinello,Roberto Bussinello,1961,0,Best
vaccarella,Nino Vaccarella,1965,0,Best
vaccarella,Nino Vaccarella,1962,0,Best
vaccarella,Nino Vaccarella,1961,0,Best
bassi,Giorgio Bassi,1965,0,Best
trintignant,Maurice Trintignant,1963,0,Worst
trintignant,Maurice Trintignant,1962,0,Worst
trintignant,Maurice Trintignant,1961,0,Worst
trintignant,Maurice Trintignant,1960,0,Worst
trintignant,Maurice Trintignant,1956,0,Worst
trintignant,Maurice Trintignant,1951,0,Worst
trintignant,Maurice Trintignant,1950,0,Worst
trintignant,Maurice Trintignant,1959,19,Best
collomb,Bernard Collomb,1964,0,Best
collomb,Bernard Collomb,1963,0,Best
collomb,Bernard Collomb,1962,0,Best
collomb,Bernard Collomb,1961,0,Best
andre_pilette,André Pilette,1964,0,Worst
andre_pilette,André Pilette,1963,0,Worst
andre_pilette,André Pilette,1961,0,Worst
andre_pilette,André Pilette,1956,0,Worst
andre_pilette,André Pilette,1953,0,Worst
andre_pilette,André Pilette,1951,0,Worst
andre_pilette,André Pilette,1954,2,Best
beaufort,Carel Godin de Beaufort,1964,0,Worst
beaufort,Carel Godin de Beaufort,1961,0,Worst
beaufort,Carel Godin de Beaufort,1960,0,Worst
beaufort,Carel Godin de Beaufort,1959,0,Worst
beaufort,Carel Godin de Beaufort,1958,0,Worst
beaufort,Carel Godin de Beaufort,1957,0,Worst
beaufort,Carel Godin de Beaufort,1963,2,Best
beaufort,Carel Godin de Beaufort,1962,2,Best
barth,Edgar Barth,1964,0,Best
barth,Edgar Barth,1961,0,Best
barth,Edgar Barth,1960,0,Best
barth,Edgar Barth,1958,0,Best
barth,Edgar Barth,1957,0,Best
barth,Edgar Barth,1953,0,Best
cabral,Mário de Araújo Cabral,1964,0,Best
cabral,Mário de Araújo Cabral,1963,0,Best
cabral,Mário de Araújo Cabral,1960,0,Best
cabral,Mário de Araújo Cabral,1959,0,Best
hansgen,Walt Hansgen,1963,0,Worst
hansgen,Walt Hansgen,1961,0,Worst
hansgen,Walt Hansgen,1964,2,Best
sharp,Hap Sharp,1964,0,Best
sharp,Hap Sharp,1963,0,Best
sharp,Hap Sharp,1962,0,Best
sharp,Hap Sharp,1961,0,Best
mairesse,Willy Mairesse,1963,0,Worst
mairesse,Willy Mairesse,1961,0,Worst
mairesse,Willy Mairesse,1960,4,Best
campbell-jones,John Campbell-Jones,1963,0,Best
campbell-jones,John Campbell-Jones,1962,0,Best
campbell-jones,John Campbell-Jones,1961,0,Best
burgess,Ian Burgess,1963,0,Best
burgess,Ian Burgess,1962,0,Best
burgess,Ian Burgess,1961,0,Best
burgess,Ian Burgess,1960,0,Best
burgess,Ian Burgess,1959,0,Best
burgess,Ian Burgess,1958,0,Best
settember,Tony Settember,1963,0,Best
settember,Tony Settember,1962,0,Best
estefano,Nasif Estéfano,1963,0,Best
estefano,Nasif Estéfano,1962,0,Best
estefano,Nasif Estéfano,1960,0,Best
hall,Jim Hall,1962,0,Worst
hall,Jim Hall,1961,0,Worst
hall,Jim Hall,1960,0,Worst
hall,Jim Hall,1963,3,Best
parnell,Tim Parnell,1963,0,Best
parnell,Tim Parnell,1961,0,Best
parnell,Tim Parnell,1959,0,Best
kuhnke,Kurt Kuhnke,1963,0,Best
kuhnke,Kurt Kuhnke,1962,0,Best
ernesto_brambilla,Ernesto Brambilla,1963,0,Best
lippi,Roberto Lippi,1963,0,Best
lippi,Roberto Lippi,1962,0,Best
lippi,Roberto Lippi,1961,0,Best
seiffert,Günther Seiffert,1963,0,Best
seiffert,Günther Seiffert,1962,0,Best
abate,Carlo Abate,1963,0,Best
abate,Carlo Abate,1962,0,Best
starrabba,Gaetano Starrabba,1963,0,Best
starrabba,Gaetano Starrabba,1961,0,Best
broeker,Peter Broeker,1963,0,Best
ward,Rodger Ward,1963,0,Worst
ward,Rodger Ward,1958,0,Worst
ward,Rodger Ward,1957,0,Worst
ward,Rodger Ward,1956,0,Worst
ward,Rodger Ward,1955,0,Worst
ward,Rodger Ward,1954,0,Worst
ward,Rodger Ward,1953,0,Worst
ward,Rodger Ward,1952,0,Worst
ward,Rodger Ward,1951,0,Worst
ward,Rodger Ward,1959,8,Best
vos,Ernie de Vos,1963,0,Best
dochnal,Frank Dochnal,1963,0,Best
monarch,Thomas Monarch,1963,0,Best
gasly,Pierre Gasly,2017,0,Worst
gasly,Pierre Gasly,2021,110,Best
lewis,Jackie Lewis,1962,0,Worst
lewis,Jackie Lewis,1961,3,Best
ricardo_rodriguez,Ricardo Rodríguez,1961,0,Worst
ricardo_rodriguez,Ricardo Rodríguez,1962,4,Best
seidel,Wolfgang Seidel,1962,0,Best
seidel,Wolfgang Seidel,1961,0,Best
seidel,Wolfgang Seidel,1960,0,Best
seidel,Wolfgang Seidel,1958,0,Best
seidel,Wolfgang Seidel,1953,0,Best
salvadori,Roy Salvadori,1962,0,Worst
salvadori,Roy Salvadori,1960,0,Worst
salvadori,Roy Salvadori,1959,0,Worst
salvadori,Roy Salvadori,1956,0,Worst
salvadori,Roy Salvadori,1955,0,Worst
salvadori,Roy Salvadori,1954,0,Worst
salvadori,Roy Salvadori,1953,0,Worst
salvadori,Roy Salvadori,1952,0,Worst
salvadori,Roy Salvadori,1958,15,Best
pon,Ben Pon,1962,0,Best
slotemaker,Rob Slotemaker,1962,0,Best
marsh,Tony Marsh,1962,0,Best
marsh,Tony Marsh,1961,0,Best
marsh,Tony Marsh,1958,0,Best
marsh,Tony Marsh,1957,0,Best
ashmore,Gerry Ashmore,1962,0,Best
ashmore,Gerry Ashmore,1961,0,Best
schiller,Heinz Schiller,1962,0,Best
davis,Colin Davis,1962,0,Best
davis,Colin Davis,1959,0,Best
chamberlain,Jay Chamberlain,1962,0,Best
shelly,Tony Shelly,1962,0,Best
greene,Keith Greene,1962,0,Best
greene,Keith Greene,1961,0,Best
greene,Keith Greene,1960,0,Best
greene,Keith Greene,1959,0,Best
walter,Heini Walter,1962,0,Best
prinoth,Ernesto Prinoth,1962,0,Best
prinoth,Ernesto Prinoth,1961,0,Best
penske,Roger Penske,1962,0,Best
penske,Roger Penske,1961,0,Best
schroeder,Rob Schroeder,1962,0,Best
mayer,Timmy Mayer,1962,0,Best
johnstone,Bruce Johnstone,1962,0,Best
harris,Mike Harris,1962,0,Best
hocking,Gary Hocking,1962,0,Best
vyver,Syd van der Vyver,1962,0,Best
moss,Stirling Moss,1953,0,Worst
moss,Stirling Moss,1952,0,Worst
moss,Stirling Moss,1951,0,Worst
moss,Stirling Moss,1958,41,Best
trips,Wolfgang von Trips,1959,0,Worst
trips,Wolfgang von Trips,1956,0,Worst
trips,Wolfgang von Trips,1961,33,Best
allison,Cliff Allison,1961,0,Worst
allison,Cliff Allison,1960,6,Best
herrmann,Hans Herrmann,1961,0,Worst
herrmann,Hans Herrmann,1959,0,Worst
herrmann,Hans Herrmann,1958,0,Worst
herrmann,Hans Herrmann,1957,0,Worst
herrmann,Hans Herrmann,1953,0,Worst
herrmann,Hans Herrmann,1954,8,Best
brooks,Tony Brooks,1956,0,Worst
brooks,Tony Brooks,1959,27,Best
may,Michael May,1961,0,Best
henry_taylor,Henry Taylor,1961,0,Worst
henry_taylor,Henry Taylor,1959,0,Worst
henry_taylor,Henry Taylor,1960,3,Best
gendebien,Olivier Gendebien,1958,0,Worst
gendebien,Olivier Gendebien,1960,10,Best
scarlatti,Giorgio Scarlatti,1961,0,Worst
scarlatti,Giorgio Scarlatti,1960,0,Worst
scarlatti,Giorgio Scarlatti,1959,0,Worst
scarlatti,Giorgio Scarlatti,1958,0,Worst
scarlatti,Giorgio Scarlatti,1956,0,Worst
scarlatti,Giorgio Scarlatti,1957,1,Best
naylor,Brian Naylor,1961,0,Best
naylor,Brian Naylor,1960,0,Best
naylor,Brian Naylor,1959,0,Best
naylor,Brian Naylor,1958,0,Best
naylor,Brian Naylor,1957,0,Best
bordeu,Juan Manuel Bordeu,1961,0,Best
fairman,Jack Fairman,1961,0,Worst
fairman,Jack Fairman,1960,0,Worst
fairman,Jack Fairman,1959,0,Worst
fairman,Jack Fairman,1958,0,Worst
fairman,Jack Fairman,1957,0,Worst
fairman,Jack Fairman,1955,0,Worst
fairman,Jack Fairman,1953,0,Worst
fairman,Jack Fairman,1956,5,Best
natili,Massimo Natili,1961,0,Best
monteverdi,Peter Monteverdi,1961,0,Best
pirocchi,Renato Pirocchi,1961,0,Best
duke,Geoff Duke,1961,0,Best
thiele,Alfonso Thiele,1961,0,Best
thiele,Alfonso Thiele,1960,0,Best
boffa,Menato Boffa,1961,0,Best
ryan,Peter Ryan,1961,0,Best
ruby,Lloyd Ruby,1961,0,Best
ruby,Lloyd Ruby,1960,0,Best
ken_miles,Ken Miles,1961,0,Best
menditeguy,Carlos Menditeguy,1958,0,Worst
menditeguy,Carlos Menditeguy,1956,0,Worst
menditeguy,Carlos Menditeguy,1954,0,Worst
menditeguy,Carlos Menditeguy,1953,0,Worst
menditeguy,Carlos Menditeguy,1957,4,Best
larreta,Alberto Rodriguez Larreta,1960,0,Best
gonzalez,José Froilán González,1960,0,Worst
gonzalez,José Froilán González,1956,0,Worst
gonzalez,José Froilán González,1950,0,Worst
gonzalez,José Froilán González,1951,27,Best
bonomi,Roberto Bonomi,1960,0,Best
munaron,Gino Munaron,1960,0,Best
schell,Harry Schell,1960,0,Worst
schell,Harry Schell,1955,0,Worst
schell,Harry Schell,1954,0,Worst
schell,Harry Schell,1953,0,Worst
schell,Harry Schell,1952,0,Worst
schell,Harry Schell,1951,0,Worst
schell,Harry Schell,1950,0,Worst
schell,Harry Schell,1958,14,Best
stacey,Alan Stacey,1960,0,Best
stacey,Alan Stacey,1959,0,Best
stacey,Alan Stacey,1958,0,Best
chimeri,Ettore Chimeri,1960,0,Best
creus,Antonio Creus,1960,0,Best
bristow,Chris Bristow,1960,0,Best
bristow,Chris Bristow,1959,0,Best
halford,Bruce Halford,1960,0,Best
halford,Bruce Halford,1959,0,Best
halford,Bruce Halford,1957,0,Best
halford,Bruce Halford,1956,0,Best
daigh,Chuck Daigh,1960,0,Best
reventlow,Lance Reventlow,1960,0,Best
rathmann,Jim Rathmann,1956,0,Worst
rathmann,Jim Rathmann,1955,0,Worst
rathmann,Jim Rathmann,1954,0,Worst
rathmann,Jim Rathmann,1953,0,Worst
rathmann,Jim Rathmann,1950,0,Worst
rathmann,Jim Rathmann,1960,8,Best
goldsmith,Paul Goldsmith,1958,0,Worst
goldsmith,Paul Goldsmith,1960,4,Best
branson,Don Branson,1959,0,Worst
branson,Don Branson,1960,3,Best
thomson,Johnny Thomson,1958,0,Worst
thomson,Johnny Thomson,1957,0,Worst
thomson,Johnny Thomson,1956,0,Worst
thomson,Johnny Thomson,1954,0,Worst
thomson,Johnny Thomson,1953,0,Worst
thomson,Johnny Thomson,1959,5,Best
johnson,Eddie Johnson,1959,0,Worst
johnson,Eddie Johnson,1958,0,Worst
johnson,Eddie Johnson,1957,0,Worst
johnson,Eddie Johnson,1956,0,Worst
johnson,Eddie Johnson,1955,0,Worst
johnson,Eddie Johnson,1952,0,Worst
johnson,Eddie Johnson,1953,0,Worst
johnson,Eddie Johnson,1954,0,Worst
johnson,Eddie Johnson,1960,1,Best
veith,Bob Veith,1960,0,Best
veith,Bob Veith,1959,0,Best
veith,Bob Veith,1958,0,Best
veith,Bob Veith,1957,0,Best
veith,Bob Veith,1956,0,Best
tingelstad,Bud Tingelstad,1960,0,Best
christie,Bob Christie,1960,0,Best
christie,Bob Christie,1959,0,Best
christie,Bob Christie,1958,0,Best
christie,Bob Christie,1957,0,Best
christie,Bob Christie,1956,0,Best
amick,Red Amick,1960,0,Best
amick,Red Amick,1959,0,Best
darter,Duane Carter,1960,0,Worst
darter,Duane Carter,1959,0,Worst
darter,Duane Carter,1955,0,Worst
darter,Duane Carter,1951,0,Worst
darter,Duane Carter,1950,0,Worst
darter,Duane Carter,1952,3,Best
homeier,Bill Homeier,1960,0,Worst
homeier,Bill Homeier,1954,0,Worst
homeier,Bill Homeier,1955,1,Best
hartley,Gene Hartley,1960,0,Best
hartley,Gene Hartley,1959,0,Best
hartley,Gene Hartley,1957,0,Best
hartley,Gene Hartley,1956,0,Best
hartley,Gene Hartley,1954,0,Best
hartley,Gene Hartley,1953,0,Best
hartley,Gene Hartley,1952,0,Best
hartley,Gene Hartley,1950,0,Best
stevenson,Chuck Stevenson,1960,0,Best
stevenson,Chuck Stevenson,1954,0,Best
stevenson,Chuck Stevenson,1953,0,Best
stevenson,Chuck Stevenson,1952,0,Best
stevenson,Chuck Stevenson,1951,0,Best
grim,Bobby Grim,1960,0,Best
grim,Bobby Grim,1959,0,Best
templeman,Shorty Templeman,1960,0,Best
templeman,Shorty Templeman,1958,0,Best
templeman,Shorty Templeman,1955,0,Best
hurtubise,Jim Hurtubise,1960,0,Best
bryan,Jimmy Bryan,1960,0,Worst
bryan,Jimmy Bryan,1959,0,Worst
bryan,Jimmy Bryan,1956,0,Worst
bryan,Jimmy Bryan,1955,0,Worst
bryan,Jimmy Bryan,1953,0,Worst
bryan,Jimmy Bryan,1952,0,Worst
bryan,Jimmy Bryan,1958,8,Best
ruttman,Troy Ruttman,1960,0,Worst
ruttman,Troy Ruttman,1958,0,Worst
ruttman,Troy Ruttman,1957,0,Worst
ruttman,Troy Ruttman,1956,0,Worst
ruttman,Troy Ruttman,1951,0,Worst
ruttman,Troy Ruttman,1950,0,Worst
ruttman,Troy Ruttman,1952,8,Best
sachs,Eddie Sachs,1960,0,Best
sachs,Eddie Sachs,1959,0,Best
sachs,Eddie Sachs,1958,0,Best
sachs,Eddie Sachs,1957,0,Best
freeland,Don Freeland,1960,0,Worst
freeland,Don Freeland,1959,0,Worst
freeland,Don Freeland,1958,0,Worst
freeland,Don Freeland,1957,0,Worst
freeland,Don Freeland,1955,0,Worst
freeland,Don Freeland,1954,0,Worst
freeland,Don Freeland,1953,0,Worst
freeland,Don Freeland,1956,4,Best
bettenhausen,Tony Bettenhausen,1960,0,Worst
bettenhausen,Tony Bettenhausen,1957,0,Worst
bettenhausen,Tony Bettenhausen,1956,0,Worst
bettenhausen,Tony Bettenhausen,1954,0,Worst
bettenhausen,Tony Bettenhausen,1953,0,Worst
bettenhausen,Tony Bettenhausen,1952,0,Worst
bettenhausen,Tony Bettenhausen,1951,0,Worst
bettenhausen,Tony Bettenhausen,1958,4,Best
weiler,Wayne Weiler,1960,0,Best
foyt,Anthony Foyt,1960,0,Best
foyt,Anthony Foyt,1959,0,Best
foyt,Anthony Foyt,1958,0,Best
russo,Eddie Russo,1960,0,Best
russo,Eddie Russo,1957,0,Best
russo,Eddie Russo,1955,0,Best
russo,Eddie Russo,1956,0,Best
boyd,Johnny Boyd,1960,0,Worst
boyd,Johnny Boyd,1959,0,Worst
boyd,Johnny Boyd,1957,0,Worst
boyd,Johnny Boyd,1956,0,Worst
boyd,Johnny Boyd,1955,0,Worst
boyd,Johnny Boyd,1958,4,Best
force,Gene Force,1960,0,Best
force,Gene Force,1951,0,Best
mcwithey,Jim McWithey,1960,0,Best
mcwithey,Jim McWithey,1959,0,Best
sutton,Len Sutton,1960,0,Best
sutton,Len Sutton,1959,0,Best
sutton,Len Sutton,1958,0,Best
dick_rathmann,Dick Rathmann,1960,0,Worst
dick_rathmann,Dick Rathmann,1959,0,Worst
dick_rathmann,Dick Rathmann,1958,0,Worst
dick_rathmann,Dick Rathmann,1950,0,Worst
dick_rathmann,Dick Rathmann,1956,2,Best
herman,Al Herman,1960,0,Best
herman,Al Herman,1959,0,Best
herman,Al Herman,1957,0,Best
herman,Al Herman,1956,0,Best
herman,Al Herman,1955,0,Best
dempsey_wilson,Dempsey Wilson,1960,0,Best
dempsey_wilson,Dempsey Wilson,1958,0,Best
mike_taylor,Mike Taylor,1960,0,Best
mike_taylor,Mike Taylor,1959,0,Best
flockhart,Ron Flockhart,1959,0,Worst
flockhart,Ron Flockhart,1958,0,Worst
flockhart,Ron Flockhart,1957,0,Worst
flockhart,Ron Flockhart,1954,0,Worst
flockhart,Ron Flockhart,1956,4,Best
piper,David Piper,1960,0,Best
piper,David Piper,1959,0,Best
cabianca,Giulio Cabianca,1959,0,Worst
cabianca,Giulio Cabianca,1958,0,Worst
cabianca,Giulio Cabianca,1960,3,Best
drogo,Piero Drogo,1960,0,Best
gamble,Fred Gamble,1960,0,Best
owen,Arthur Owen,1960,0,Best
gould,Horace Gould,1960,0,Worst
gould,Horace Gould,1958,0,Worst
gould,Horace Gould,1957,0,Worst
gould,Horace Gould,1955,0,Worst
gould,Horace Gould,1954,0,Worst
gould,Horace Gould,1956,2,Best
drake,Bob Drake,1960,0,Best
bueb,Ivor Bueb,1959,0,Best
bueb,Ivor Bueb,1958,0,Best
bueb,Ivor Bueb,1957,0,Best
Changy,Alain de Changy,1959,0,Best
filippis,Maria de Filippis,1959,0,Best
filippis,Maria de Filippis,1958,0,Best
lucienbonnet,Jean Lucienbonnet,1959,0,Best
testut,André Testut,1959,0,Best
testut,André Testut,1958,0,Best
behra,Jean Behra,1954,0,Worst
behra,Jean Behra,1953,0,Worst
behra,Jean Behra,1956,22,Best
paul_russo,Paul Russo,1959,0,Worst
paul_russo,Paul Russo,1958,0,Worst
paul_russo,Paul Russo,1954,0,Worst
paul_russo,Paul Russo,1950,0,Worst
paul_russo,Paul Russo,1957,3,Best
paul_russo,Paul Russo,1955,3,Best
daywalt,Jimmy Daywalt,1959,0,Best
daywalt,Jimmy Daywalt,1957,0,Best
daywalt,Jimmy Daywalt,1956,0,Best
daywalt,Jimmy Daywalt,1955,0,Best
daywalt,Jimmy Daywalt,1954,0,Best
daywalt,Jimmy Daywalt,1953,0,Best
arnold,Chuck Arnold,1959,0,Best
keller,Al Keller,1959,0,Best
keller,Al Keller,1958,0,Best
keller,Al Keller,1957,0,Best
keller,Al Keller,1956,0,Best
keller,Al Keller,1955,0,Best
flaherty,Pat Flaherty,1959,0,Worst
flaherty,Pat Flaherty,1955,0,Worst
flaherty,Pat Flaherty,1953,0,Worst
flaherty,Pat Flaherty,1950,0,Worst
flaherty,Pat Flaherty,1954,0,Worst
flaherty,Pat Flaherty,1956,8,Best
cheesbourg,Bill Cheesbourg,1959,0,Best
cheesbourg,Bill Cheesbourg,1958,0,Best
cheesbourg,Bill Cheesbourg,1957,0,Best
ray_crawford,Ray Crawford,1959,0,Best
ray_crawford,Ray Crawford,1956,0,Best
ray_crawford,Ray Crawford,1955,0,Best
turner,Jack Turner,1959,0,Best
turner,Jack Turner,1958,0,Best
turner,Jack Turner,1957,0,Best
turner,Jack Turner,1956,0,Best
weyant,Chuck Weyant,1959,0,Best
weyant,Chuck Weyant,1958,0,Best
weyant,Chuck Weyant,1957,0,Best
weyant,Chuck Weyant,1955,0,Best
larson,Jud Larson,1959,0,Best
larson,Jud Larson,1958,0,Best
magill,Mike Magill,1959,0,Best
magill,Mike Magill,1958,0,Best
magill,Mike Magill,1957,0,Best
shelby,Carroll Shelby,1959,0,Best
shelby,Carroll Shelby,1958,0,Best
orey,Fritz d'Orey,1959,0,Best
fontes,Azdrubal Fontes,1959,0,Best
ashdown,Peter Ashdown,1959,0,Best
bill_moss,Bill Moss,1959,0,Best
dennis_taylor,Dennis Taylor,1959,0,Best
blanchard,Harry Blanchard,1959,0,Best
tomaso,Alessandro de Tomaso,1959,0,Best
tomaso,Alessandro de Tomaso,1957,0,Best
constantine,George Constantine,1959,0,Best
said,Bob Said,1959,0,Best
cade,Phil Cade,1959,0,Best
musso,Luigi Musso,1953,0,Worst
musso,Luigi Musso,1957,16,Best
hawthorn,Mike Hawthorn,1955,0,Worst
hawthorn,Mike Hawthorn,1958,49,Best
fangio,Juan Fangio,1958,7,Worst
fangio,Juan Fangio,1954,57,Best
godia,Paco Godia,1958,0,Worst
godia,Paco Godia,1957,0,Worst
godia,Paco Godia,1954,0,Worst
godia,Paco Godia,1951,0,Worst
godia,Paco Godia,1956,6,Best
collins,Peter Collins,1955,0,Worst
collins,Peter Collins,1954,0,Worst
collins,Peter Collins,1953,0,Worst
collins,Peter Collins,1952,0,Worst
collins,Peter Collins,1956,25,Best
kavanagh,Ken Kavanagh,1958,0,Best
gerini,Gerino Gerini,1958,0,Worst
gerini,Gerino Gerini,1956,1,Best
kessler,Bruce Kessler,1958,0,Best
emery,Paul Emery,1958,0,Best
emery,Paul Emery,1956,0,Best
piotti,Luigi Piotti,1958,0,Best
piotti,Luigi Piotti,1957,0,Best
piotti,Luigi Piotti,1956,0,Best
piotti,Luigi Piotti,1955,0,Best
ecclestone,Bernie Ecclestone,1958,0,Best
taramazzo,Luigi Taramazzo,1958,0,Best
chiron,Louis Chiron,1958,0,Worst
chiron,Louis Chiron,1956,0,Worst
chiron,Louis Chiron,1955,0,Worst
chiron,Louis Chiron,1953,0,Worst
chiron,Louis Chiron,1951,0,Worst
chiron,Louis Chiron,1950,4,Best
lewis-evans,Stuart Lewis-Evans,1957,5,Worst
lewis-evans,Stuart Lewis-Evans,1958,11,Best
george_amick,George Amick,1958,6,Best
reece,Jimmy Reece,1958,0,Best
reece,Jimmy Reece,1957,0,Best
reece,Jimmy Reece,1956,0,Best
reece,Jimmy Reece,1955,0,Best
reece,Jimmy Reece,1954,0,Best
reece,Jimmy Reece,1952,0,Best
parsons,Johnnie Parsons,1958,0,Worst
parsons,Johnnie Parsons,1957,0,Worst
parsons,Johnnie Parsons,1955,0,Worst
parsons,Johnnie Parsons,1954,0,Worst
parsons,Johnnie Parsons,1953,0,Worst
parsons,Johnnie Parsons,1952,0,Worst
parsons,Johnnie Parsons,1951,0,Worst
parsons,Johnnie Parsons,1950,9,Best
tolan,Johnnie Tolan,1958,0,Best
tolan,Johnnie Tolan,1957,0,Best
tolan,Johnnie Tolan,1956,0,Best
garrett,Billy Garrett,1958,0,Best
garrett,Billy Garrett,1956,0,Best
elisian,Ed Elisian,1958,0,Best
elisian,Ed Elisian,1957,0,Best
elisian,Ed Elisian,1956,0,Best
elisian,Ed Elisian,1955,0,Best
elisian,Ed Elisian,1954,0,Best
connor,Pat O'Connor,1958,0,Best
connor,Pat O'Connor,1957,0,Best
connor,Pat O'Connor,1956,0,Best
connor,Pat O'Connor,1955,0,Best
connor,Pat O'Connor,1954,0,Best
jerry_unser,Jerry Unser,1958,0,Best
bisch,Art Bisch,1958,0,Best
goethals,Christian Goethals,1958,0,Best
gibson,Dick Gibson,1958,0,Best
gibson,Dick Gibson,1957,0,Best
la_caze,Robert La Caze,1958,0,Best
guelfi,André Guelfi,1958,0,Best
picard,François Picard,1958,0,Best
bridger,Tom Bridger,1958,0,Best
portago,Alfonso de Portago,1957,1,Worst
portago,Alfonso de Portago,1956,3,Best
perdisa,Cesare Perdisa,1957,0,Worst
perdisa,Cesare Perdisa,1956,3,Best
castellotti,Eugenio Castellotti,1957,0,Worst
castellotti,Eugenio Castellotti,1955,12,Best
simon,André Simon,1957,0,Best
simon,André Simon,1956,0,Best
simon,André Simon,1955,0,Best
simon,André Simon,1952,0,Best
simon,André Simon,1951,0,Best
leston,Les Leston,1957,0,Best
leston,Les Leston,1956,0,Best
hanks,Sam Hanks,1955,0,Worst
hanks,Sam Hanks,1954,0,Worst
hanks,Sam Hanks,1951,0,Worst
hanks,Sam Hanks,1950,0,Worst
hanks,Sam Hanks,1957,8,Best
linden,Andy Linden,1956,0,Worst
linden,Andy Linden,1955,0,Worst
linden,Andy Linden,1954,0,Worst
linden,Andy Linden,1953,0,Worst
linden,Andy Linden,1952,0,Worst
linden,Andy Linden,1951,3,Best
teague,Marshall Teague,1957,0,Best
teague,Marshall Teague,1953,0,Best
teague,Marshall Teague,1954,0,Best
edmunds,Don Edmunds,1957,0,Best
agabashian,Fred Agabashian,1957,0,Worst
agabashian,Fred Agabashian,1956,0,Worst
agabashian,Fred Agabashian,1955,0,Worst
agabashian,Fred Agabashian,1954,0,Worst
agabashian,Fred Agabashian,1952,0,Worst
agabashian,Fred Agabashian,1951,0,Worst
agabashian,Fred Agabashian,1950,0,Worst
agabashian,Fred Agabashian,1953,1,Best
george,Elmer George,1957,0,Best
macdowel,Mike MacDowel,1957,0,Best
mackay-fraser,Herbert MacKay-Fraser,1957,0,Best
gerard,Bob Gerard,1957,0,Best
gerard,Bob Gerard,1956,0,Best
gerard,Bob Gerard,1954,0,Best
gerard,Bob Gerard,1953,0,Best
gerard,Bob Gerard,1951,0,Best
gerard,Bob Gerard,1950,0,Best
maglioli,Umberto Maglioli,1957,0,Worst
maglioli,Umberto Maglioli,1956,0,Worst
maglioli,Umberto Maglioli,1953,0,Worst
maglioli,Umberto Maglioli,1954,2,Best
england,Paul England,1957,0,Best
landi,Chico Landi,1953,0,Worst
landi,Chico Landi,1952,0,Worst
landi,Chico Landi,1951,0,Worst
landi,Chico Landi,1956,1,Best
uria,Alberto Uria,1956,0,Best
uria,Alberto Uria,1955,0,Best
ramos,Hernando da Silva Ramos,1955,0,Worst
ramos,Hernando da Silva Ramos,1956,2,Best
bayol,Élie Bayol,1956,0,Worst
bayol,Élie Bayol,1955,0,Worst
bayol,Élie Bayol,1953,0,Worst
bayol,Élie Bayol,1952,0,Worst
bayol,Élie Bayol,1954,2,Best
manzon,Robert Manzon,1956,0,Worst
manzon,Robert Manzon,1955,0,Worst
manzon,Robert Manzon,1953,0,Worst
manzon,Robert Manzon,1951,0,Worst
manzon,Robert Manzon,1952,9,Best
rosier,Louis Rosier,1955,0,Worst
rosier,Louis Rosier,1954,0,Worst
rosier,Louis Rosier,1953,0,Worst
rosier,Louis Rosier,1952,0,Worst
rosier,Louis Rosier,1950,13,Best
sweikert,Bob Sweikert,1956,0,Worst
sweikert,Bob Sweikert,1954,0,Worst
sweikert,Bob Sweikert,1953,0,Worst
sweikert,Bob Sweikert,1952,0,Worst
sweikert,Bob Sweikert,1955,8,Best
griffith,Cliff Griffith,1956,0,Best
griffith,Cliff Griffith,1952,0,Best
griffith,Cliff Griffith,1951,0,Best
dinsmore,Duke Dinsmore,1956,0,Best
dinsmore,Duke Dinsmore,1951,0,Best
dinsmore,Duke Dinsmore,1950,0,Best
dinsmore,Duke Dinsmore,1953,0,Best
andrews,Keith Andrews,1956,0,Best
andrews,Keith Andrews,1955,0,Best
frere,Paul Frère,1954,0,Worst
frere,Paul Frère,1953,0,Worst
frere,Paul Frère,1956,6,Best
villoresi,Luigi Villoresi,1950,0,Worst
villoresi,Luigi Villoresi,1951,18,Best
scotti,Piero Scotti,1956,0,Best
chapman,Colin Chapman,1956,0,Best
titterington,Desmond Titterington,1956,0,Best
scott_Brown,Archie Scott Brown,1956,0,Best
volonterio,Ottorino Volonterio,1956,0,Best
volonterio,Ottorino Volonterio,1954,0,Best
volonterio,Ottorino Volonterio,1957,0,Best
milhoux,André Milhoux,1956,0,Best
graffenried,Toulo de Graffenried,1956,0,Worst
graffenried,Toulo de Graffenried,1954,0,Worst
graffenried,Toulo de Graffenried,1952,0,Worst
graffenried,Toulo de Graffenried,1950,0,Worst
graffenried,Toulo de Graffenried,1953,7,Best
taruffi,Piero Taruffi,1956,0,Worst
taruffi,Piero Taruffi,1954,0,Worst
taruffi,Piero Taruffi,1950,0,Worst
taruffi,Piero Taruffi,1952,22,Best
farina,Nino Farina,1954,6,Worst
farina,Nino Farina,1953,32,Best
mieres,Roberto Mieres,1953,0,Worst
mieres,Roberto Mieres,1955,7,Best
mantovani,Sergio Mantovani,1955,0,Worst
mantovani,Sergio Mantovani,1953,0,Worst
mantovani,Sergio Mantovani,1954,4,Best
bucci,Clemar Bucci,1955,0,Best
bucci,Clemar Bucci,1954,0,Best
iglesias,Jesús Iglesias,1955,0,Best
ascari,Alberto Ascari,1955,0,Worst
ascari,Alberto Ascari,1952,53,Best
kling,Karl Kling,1955,5,Worst
kling,Karl Kling,1954,12,Best
birger,Pablo Birger,1955,0,Best
birger,Pablo Birger,1953,0,Best
pollet,Jacques Pollet,1955,0,Best
pollet,Jacques Pollet,1954,0,Best
macklin,Lance Macklin,1955,0,Best
macklin,Lance Macklin,1954,0,Best
macklin,Lance Macklin,1953,0,Best
macklin,Lance Macklin,1952,0,Best
whiteaway,Ted Whiteaway,1955,0,Best
davies,Jimmy Davies,1953,0,Worst
davies,Jimmy Davies,1951,0,Worst
davies,Jimmy Davies,1950,0,Worst
davies,Jimmy Davies,1954,0,Worst
davies,Jimmy Davies,1955,4,Best
faulkner,Walt Faulkner,1953,0,Worst
faulkner,Walt Faulkner,1951,0,Worst
faulkner,Walt Faulkner,1950,0,Worst
faulkner,Walt Faulkner,1954,0,Worst
faulkner,Walt Faulkner,1955,1,Best
niday,Cal Niday,1955,0,Best
niday,Cal Niday,1954,0,Best
niday,Cal Niday,1953,0,Best
cross,Art Cross,1955,0,Worst
cross,Art Cross,1954,0,Worst
cross,Art Cross,1953,6,Best
vukovich,Bill Vukovich,1951,0,Worst
vukovich,Bill Vukovich,1953,9,Best
mcgrath,Jack McGrath,1955,0,Worst
mcgrath,Jack McGrath,1952,0,Worst
mcgrath,Jack McGrath,1950,0,Worst
mcgrath,Jack McGrath,1954,5,Best
hoyt,Jerry Hoyt,1955,0,Best
hoyt,Jerry Hoyt,1954,0,Best
hoyt,Jerry Hoyt,1953,0,Best
hoyt,Jerry Hoyt,1950,0,Best
claes,Johnny Claes,1955,0,Best
claes,Johnny Claes,1953,0,Best
claes,Johnny Claes,1952,0,Best
claes,Johnny Claes,1951,0,Best
claes,Johnny Claes,1950,0,Best
peter_walker,Peter Walker,1955,0,Best
peter_walker,Peter Walker,1951,0,Best
peter_walker,Peter Walker,1950,0,Best
sparken,Mike Sparken,1955,0,Best
wharton,Ken Wharton,1955,0,Worst
wharton,Ken Wharton,1954,0,Worst
wharton,Ken Wharton,1953,0,Worst
wharton,Ken Wharton,1952,3,Best
mcalpine,Kenneth McAlpine,1955,0,Best
mcalpine,Kenneth McAlpine,1953,0,Best
mcalpine,Kenneth McAlpine,1952,0,Best
marr,Leslie Marr,1955,0,Best
marr,Leslie Marr,1954,0,Best
rolt,Tony Rolt,1955,0,Best
rolt,Tony Rolt,1953,0,Best
rolt,Tony Rolt,1950,0,Best
fitch,John Fitch,1955,0,Best
fitch,John Fitch,1953,0,Best
lucas,Jean Lucas,1955,0,Best
bira,Prince Bira,1953,0,Worst
bira,Prince Bira,1952,0,Worst
bira,Prince Bira,1951,0,Worst
bira,Prince Bira,1950,5,Best
marimon,Onofre Marimón,1951,0,Worst
marimon,Onofre Marimón,1954,4,Best
marimon,Onofre Marimón,1953,4,Best
loyer,Roger Loyer,1954,0,Best
daponte,Jorge Daponte,1954,0,Best
nazaruk,Mike Nazaruk,1953,0,Worst
nazaruk,Mike Nazaruk,1951,6,Best
crockett,Larry Crockett,1954,0,Best
ayulo,Manny Ayulo,1954,0,Worst
ayulo,Manny Ayulo,1953,0,Worst
ayulo,Manny Ayulo,1952,0,Worst
ayulo,Manny Ayulo,1951,2,Best
armi,Frank Armi,1954,0,Best
webb,Travis Webb,1954,0,Best
webb,Travis Webb,1953,0,Best
webb,Travis Webb,1952,0,Best
webb,Travis Webb,1950,0,Best
duncan,Len Duncan,1954,0,Best
mccoy,Ernie McCoy,1954,0,Best
mccoy,Ernie McCoy,1953,0,Best
swaters,Jacques Swaters,1954,0,Best
swaters,Jacques Swaters,1953,0,Best
swaters,Jacques Swaters,1951,0,Best
georges_berger,Georges Berger,1954,0,Best
georges_berger,Georges Berger,1953,0,Best
beauman,Don Beauman,1954,0,Best
thorne,Leslie Thorne,1954,0,Best
whitehouse,Bill Whitehouse,1954,0,Best
riseley_prichard,John Riseley-Prichard,1954,0,Best
reg_parnell,Reg Parnell,1954,0,Worst
reg_parnell,Reg Parnell,1952,0,Worst
reg_parnell,Reg Parnell,1951,5,Best
whitehead,Peter Whitehead,1954,0,Worst
whitehead,Peter Whitehead,1953,0,Worst
whitehead,Peter Whitehead,1952,0,Worst
whitehead,Peter Whitehead,1951,0,Worst
whitehead,Peter Whitehead,1950,4,Best
brandon,Eric Brandon,1954,0,Best
brandon,Eric Brandon,1952,0,Best
alan_brown,Alan Brown,1954,0,Worst
alan_brown,Alan Brown,1953,0,Worst
alan_brown,Alan Brown,1952,2,Best
nuckey,Rodney Nuckey,1954,0,Best
nuckey,Rodney Nuckey,1953,0,Best
lang,Hermann Lang,1954,0,Worst
lang,Hermann Lang,1953,2,Best
helfrich,Theo Helfrich,1954,0,Best
helfrich,Theo Helfrich,1953,0,Best
helfrich,Theo Helfrich,1952,0,Best
wacker,Fred Wacker,1954,0,Best
wacker,Fred Wacker,1953,0,Best
riu,Giovanni de Riu,1954,0,Best
galvez,Oscar Gálvez,1953,2,Best
john_barber,John Barber,1953,0,Best
bonetto,Felice Bonetto,1952,2,Worst
bonetto,Felice Bonetto,1950,2,Worst
bonetto,Felice Bonetto,1951,7,Best
cruz,Adolfo Cruz,1953,0,Best
nalon,Duke Nalon,1953,0,Best
nalon,Duke Nalon,1952,0,Best
nalon,Duke Nalon,1951,0,Best
scarborough,Carl Scarborough,1953,0,Best
scarborough,Carl Scarborough,1951,0,Best
holland,Bill Holland,1953,0,Worst
holland,Bill Holland,1950,6,Best
bob_scott,Bob Scott,1953,0,Best
bob_scott,Bob Scott,1952,0,Best
bob_scott,Bob Scott,1954,0,Best
legat,Arthur Legat,1953,0,Best
legat,Arthur Legat,1952,0,Best
cabantous,Yves Cabantous,1953,0,Worst
cabantous,Yves Cabantous,1952,0,Worst
cabantous,Yves Cabantous,1950,3,Best
crook,Tony Crook,1953,0,Best
crook,Tony Crook,1952,0,Best
jimmy_stewart,Jimmy Stewart,1953,0,Best
ian_stewart,Ian Stewart,1953,0,Best
duncan_hamilton,Duncan Hamilton,1953,0,Best
duncan_hamilton,Duncan Hamilton,1952,0,Best
duncan_hamilton,Duncan Hamilton,1951,0,Best
klodwig,Ernst Klodwig,1953,0,Best
klodwig,Ernst Klodwig,1952,0,Best
krause,Rudolf Krause,1953,0,Best
krause,Rudolf Krause,1952,0,Best
karch,Oswald Karch,1953,0,Best
heeks,Willi Heeks,1953,0,Best
heeks,Willi Heeks,1952,0,Best
fitzau,Theo Fitzau,1953,0,Best
adolff,Kurt Adolff,1953,0,Best
bechem,Günther Bechem,1953,0,Best
bechem,Günther Bechem,1952,0,Best
bauer,Erwin Bauer,1953,0,Best
hans_stuck,Hans von Stuck,1953,0,Best
hans_stuck,Hans von Stuck,1952,0,Best
loof,Ernst Loof,1953,0,Best
scherrer,Albert Scherrer,1953,0,Best
terra,Max de Terra,1953,0,Best
terra,Max de Terra,1952,0,Best
hirt,Peter Hirt,1953,0,Best
hirt,Peter Hirt,1952,0,Best
hirt,Peter Hirt,1951,0,Best
carini,Piero Carini,1953,0,Best
carini,Piero Carini,1952,0,Best
fischer,Rudi Fischer,1951,0,Worst
fischer,Rudi Fischer,1952,10,Best
ulmen,Toni Ulmen,1952,0,Best
abecassis,George Abecassis,1952,0,Best
abecassis,George Abecassis,1951,0,Best
george_connor,George Connor,1952,0,Best
george_connor,George Connor,1951,0,Best
george_connor,George Connor,1950,0,Best
rigsby,Jim Rigsby,1952,0,Best
james,Joe James,1952,0,Best
james,Joe James,1951,0,Best
schindler,Bill Schindler,1952,0,Best
schindler,Bill Schindler,1951,0,Best
schindler,Bill Schindler,1950,0,Best
fonder,George Fonder,1952,0,Best
fonder,George Fonder,1954,0,Best
banks,Henry Banks,1952,0,Best
banks,Henry Banks,1951,0,Best
banks,Henry Banks,1950,0,Best
mcdowell,Johnny McDowell,1952,0,Best
mcdowell,Johnny McDowell,1951,0,Best
mcdowell,Johnny McDowell,1950,0,Best
miller,Chet Miller,1952,0,Best
miller,Chet Miller,1951,0,Best
ball,Bobby Ball,1952,0,Worst
ball,Bobby Ball,1951,2,Best
tornaco,Charles de Tornaco,1952,0,Best
laurent,Roger Laurent,1952,0,Best
obrien,Robert O'Brien,1952,0,Best
gaze,Tony Gaze,1952,0,Best
charrington,Robin Montgomerie-Charrington,1952,0,Best
comotti,Franco Comotti,1952,0,Best
comotti,Franco Comotti,1950,0,Best
etancelin,Philippe Étancelin,1952,0,Worst
etancelin,Philippe Étancelin,1951,0,Worst
etancelin,Philippe Étancelin,1950,3,Best
poore,Dennis Poore,1952,3,Best
thompson,Eric Thompson,1952,2,Best
downing,Ken Downing,1952,0,Best
graham_whitehead,Graham Whitehead,1952,0,Best
bianco,Gino Bianco,1952,0,Best
murray,David Murray,1952,0,Best
murray,David Murray,1951,0,Best
murray,David Murray,1950,0,Best
cantoni,Eitel Cantoni,1952,0,Best
aston,Bill Aston,1952,0,Best
brudes,Adolf Brudes,1952,0,Best
riess,Fritz Riess,1952,0,Best
niedermayr,Helmut Niedermayr,1952,0,Best
klenk,Hans Klenk,1952,0,Best
balsa,Marcel Balsa,1952,0,Best
schoeller,Rudolf Schoeller,1952,0,Best
pietsch,Paul Pietsch,1952,0,Best
pietsch,Paul Pietsch,1951,0,Best
pietsch,Paul Pietsch,1950,0,Best
peters,Josef Peters,1952,0,Best
lof,Dries van der Lof,1952,0,Best
flinterman,Jan Flinterman,1952,0,Best
dusio,Piero Dusio,1952,0,Best
crespo,Alberto Crespo,1952,0,Best
rol,Franco Rol,1952,0,Best
rol,Franco Rol,1951,0,Best
rol,Franco Rol,1950,0,Best
sanesi,Consalvo Sanesi,1950,0,Worst
sanesi,Consalvo Sanesi,1951,3,Best
guy_mairesse,Guy Mairesse,1951,0,Best
guy_mairesse,Guy Mairesse,1950,0,Best
louveau,Henri Louveau,1951,0,Best
louveau,Henri Louveau,1950,0,Best
wallard,Lee Wallard,1950,0,Worst
wallard,Lee Wallard,1951,9,Best
forberg,Carl Forberg,1951,0,Best
rose,Mauri Rose,1951,0,Worst
rose,Mauri Rose,1950,4,Best
mackey,Bill Mackey,1951,0,Best
green,Cecil Green,1951,0,Worst
green,Cecil Green,1950,3,Best
walt_brown,Walt Brown,1951,0,Best
walt_brown,Walt Brown,1950,0,Best
hellings,Mack Hellings,1951,0,Best
hellings,Mack Hellings,1950,0,Best
levegh,Pierre Levegh,1951,0,Best
levegh,Pierre Levegh,1950,0,Best
chaboud,Eugène Chaboud,1951,0,Worst
chaboud,Eugène Chaboud,1950,1,Best
gordini,Aldo Gordini,1951,0,Best
kelly,Joe Kelly,1951,0,Best
kelly,Joe Kelly,1950,0,Best
parker,Philip Fotheringham-Parker,1951,0,Best
shawe_taylor,Brian Shawe Taylor,1951,0,Best
shawe_taylor,Brian Shawe Taylor,1950,0,Best
john_james,John James,1951,0,Best
branca,Toni Branca,1951,0,Best
branca,Toni Branca,1950,0,Best
richardson,Ken Richardson,1951,0,Best
jover,Juan Jover,1951,0,Best
grignard,Georges Grignard,1951,0,Best
hampshire,David Hampshire,1950,0,Best
crossley,Geoff Crossley,1950,0,Best
fagioli,Luigi Fagioli,1951,4,Worst
fagioli,Luigi Fagioli,1950,28,Best
harrison,Cuth Harrison,1950,0,Best
fry,Joe Fry,1950,0,Best
martin,Eugène Martin,1950,0,Best
leslie_johnson,Leslie Johnson,1950,0,Best
biondetti,Clemente Biondetti,1950,0,Best
pian,Alfredo Pián,1950,0,Best
sommer,Raymond Sommer,1950,3,Best
chitwood,Joie Chitwood,1950,1,Best
fohr,Myron Fohr,1950,0,Best
ader,Walt Ader,1950,0,Best
holmes,Jackie Holmes,1950,0,Best
holmes,Jackie Holmes,1953,0,Best
levrett,Bayliss Levrett,1950,0,Best
jackson,Jimmy Jackson,1950,0,Best
jackson,Jimmy Jackson,1954,0,Best
pagani,Nello Pagani,1950,0,Best
pozzi,Charles Pozzi,1950,0,Best
serafini,Dorino Serafini,1950,3,Best
cantrell,Bill Cantrell,1950,0,Best
mantz,Johnny Mantz,1953,0,Best
kladis,Danny Kladis,1954,0,Best
oscar_gonzalez,Óscar González,1956,0,Best
hulkenberg,Nico Hülkenberg,2022,0,Worst
hulkenberg,Nico Hülkenberg,2014,96,Best
petrov,Vitaly Petrov,2012,0,Worst
petrov,Vitaly Petrov,2011,37,Best
grassi,Lucas di Grassi,2010,0,Best
bruno_senna,Bruno Senna,2010,0,Worst
bruno_senna,Bruno Senna,2012,31,Best
chandhok,Karun Chandhok,2010,0,Best
chandhok,Karun Chandhok,2011,0,Best
maldonado,Pastor Maldonado,2011,1,Worst
maldonado,Pastor Maldonado,2013,1,Worst
maldonado,Pastor Maldonado,2012,45,Best
resta,Paul di Resta,2017,0,Worst
resta,Paul di Resta,2013,48,Best
perez,Sergio Pérez,2011,14,Worst
perez,Sergio Pérez,2022,291,Best
ambrosio,Jérôme d'Ambrosio,2011,0,Best
ambrosio,Jérôme d'Ambrosio,2012,0,Best
ricciardo,Daniel Ricciardo,2011,0,Worst
ricciardo,Daniel Ricciardo,2016,256,Best
vergne,Jean-Éric Vergne,2013,13,Worst
vergne,Jean-Éric Vergne,2014,22,Best
pic,Charles Pic,2012,0,Best
pic,Charles Pic,2013,0,Best
chilton,Max Chilton,2013,0,Best
chilton,Max Chilton,2014,0,Best
gutierrez,Esteban Gutiérrez,2014,0,Worst
gutierrez,Esteban Gutiérrez,2016,0,Worst
gutierrez,Esteban Gutiérrez,2013,6,Best
bottas,Valtteri Bottas,2024,0,Worst
bottas,Valtteri Bottas,2019,326,Best
garde,Giedo van der Garde,2013,0,Best
jules_bianchi,Jules Bianchi,2013,0,Worst
jules_bianchi,Jules Bianchi,2014,2,Best
kevin_magnussen,Kevin Magnussen,2015,0,Worst
kevin_magnussen,Kevin Magnussen,2018,56,Best
kvyat,Daniil Kvyat,2017,5,Worst
kvyat,Daniil Kvyat,2015,95,Best
lotterer,André Lotterer,2014,0,Best
ericsson,Marcus Ericsson,2014,0,Worst
ericsson,Marcus Ericsson,2016,0,Worst
ericsson,Marcus Ericsson,2017,0,Worst
ericsson,Marcus Ericsson,2015,9,Best
ericsson,Marcus Ericsson,2018,9,Best
stevens,Will Stevens,2014,0,Best
stevens,Will Stevens,2015,0,Best
max_verstappen,Max Verstappen,2015,49,Worst
max_verstappen,Max Verstappen,2023,530,Best
nasr,Felipe Nasr,2016,2,Worst
nasr,Felipe Nasr,2015,27,Best
sainz,Carlos Sainz,2015,18,Worst
sainz,Carlos Sainz,2024,262,Best
merhi,Roberto Merhi,2015,0,Best
rossi,Alexander Rossi,2015,0,Best
jolyon_palmer,Jolyon Palmer,2016,1,Worst
jolyon_palmer,Jolyon Palmer,2017,8,Best
wehrlein,Pascal Wehrlein,2016,1,Worst
wehrlein,Pascal Wehrlein,2017,5,Best
haryanto,Rio Haryanto,2016,0,Best
vandoorne,Stoffel Vandoorne,2016,1,Worst
vandoorne,Stoffel Vandoorne,2017,13,Best
ocon,Esteban Ocon,2016,0,Worst
ocon,Esteban Ocon,2022,89,Best
stroll,Lance Stroll,2018,6,Worst
stroll,Lance Stroll,2020,75,Best
giovinazzi,Antonio Giovinazzi,2017,0,Worst
giovinazzi,Antonio Giovinazzi,2019,14,Best
brendon_hartley,Brendon Hartley,2017,0,Worst
brendon_hartley,Brendon Hartley,2018,4,Best
leclerc,Charles Leclerc,2018,39,Worst
leclerc,Charles Leclerc,2024,327,Best
sirotkin,Sergey Sirotkin,2018,1,Best
norris,Lando Norris,2019,49,Worst
norris,Lando Norris,2024,344,Best
russell,George Russell,2019,0,Worst
russell,George Russell,2022,262,Best
albon,Alexander Albon,2022,4,Worst
albon,Alexander Albon,2020,105,Best
latifi,Nicholas Latifi,2020,0,Worst
latifi,Nicholas Latifi,2021,7,Best
pietro_fittipaldi,Pietro Fittipaldi,2020,0,Best
aitken,Jack Aitken,2020,0,Best
tsunoda,Yuki Tsunoda,2022,12,Worst
tsunoda,Yuki Tsunoda,2021,32,Best
mazepin,Nikita Mazepin,2021,0,Best
mick_schumacher,Mick Schumacher,2021,0,Worst
mick_schumacher,Mick Schumacher,2022,12,Best
zhou,Guanyu Zhou,2024,4,Worst
zhou,Guanyu Zhou,2022,6,Best
zhou,Guanyu Zhou,2023,6,Best
de_vries,Nyck de Vries,2023,0,Worst
de_vries,Nyck de Vries,2022,2,Best
piastri,Oscar Piastri,2023,82,Worst
piastri,Oscar Piastri,2024,265,Best
sargeant,Logan Sargeant,2024,0,Worst
sargeant,Logan Sargeant,2023,1,Best
lawson,Liam Lawson,2023,2,Worst
lawson,Liam Lawson,2024,4,Best
bearman,Oliver Bearman,2024,7,Best
colapinto,Franco Colapinto,2024,5,Best
doohan,Jack Doohan,2024,0,Best
